sequence_id	protein_id	gene_id	assembly_id	organism	taxid	cog_id	protein_length	cog_footprint	cog_footprint_length	membership_class	membership_description	bit_score	e_value	cog_profile_length	profile_footprint	protein_coverage	profile_coverage	length_outlier	x_fraction	qc_flags	qc_status
GCA_000008085.1|NEQ088|AAR38943.1	AAR38943.1	NEQ088	GCA_000008085.1	Nanoarchaeum equitans Kin4-M	228908	COG0258	339	1-339	339	0	most of protein + most of COG profile	159.0	3.46e-46	310	1-309	1.0000	0.9968	false	0.0000		keep
GCA_000200715.1|CENSYa_0270|ABK76912.1	ABK76912.1	CENSYa_0270	GCA_000200715.1	Cenarchaeum symbiosum A	414004	COG0258	340	1-340	340	0	most of protein + most of COG profile	148.0	6.23e-42	310	1-309	1.0000	0.9968	false	0.0000		keep
GCA_000018565.1|Haur_0069|ABX02721.1	ABX02721.1	Haur_0069	GCA_000018565.1	Herpetosiphon aurantiacus DSM 785	316274	COG0258	953	1-316	316	1	most of COG profile + part of protein	256.0	5.36e-78	310	7-308	0.3316	0.9742	false	0.0000		keep
GCA_000517565.1|DESACE_07085|AHF97334.1	AHF97334.1	DESACE_07085	GCA_000517565.1	Desulfurella acetivorans A63	694431	COG0258	759	1-287	287	1	most of COG profile + part of protein	211.0	1.25e-62	310	10-297	0.3781	0.9290	false	0.0000		keep
GCA_000830275.1|QT03_C0001G0183|AJF59690.1	AJF59690.1	QT03_C0001G0183	GCA_000830275.1	archaeon GW2011_AR10	1579370	COG0258	342	1-342	342	0	most of protein + most of COG profile	138.0	3.65e-38	310	1-310	1.0000	1.0000	false	0.0000		keep
GCA_000830295.1|QT06_C0001G0601|AJF61441.1	AJF61441.1	QT06_C0001G0601	GCA_000830295.1	archaeon GW2011_AR15	1579373	COG0258	339	1-339	339	0	most of protein + most of COG profile	145.0	6.26e-41	310	1-309	1.0000	0.9968	false	0.0000		keep
GCA_000830315.1|QT11_C0001G0336|AJF62485.1	AJF62485.1	QT11_C0001G0336	GCA_000830315.1	archaeon GW2011_AR20	1579378	COG0258	337	1-337	337	0	most of protein + most of COG profile	154.0	4.19e-44	310	1-309	1.0000	0.9968	false	0.0000		keep
GCA_000972765.1|IMCC26134_02845|AKC81977.1	AKC81977.1	IMCC26134_02845	GCA_000972765.1	Verrucomicrobia bacterium IMCC26134	1637999	COG0258	293	1-293	293	2	most of protein + part of COG profile	213.0	1.12e-67	310	10-248	1.0000	0.7710	false	0.0000	membership_class_2	review
GCA_001007975.1|XF24_00005|AKH32370.1	AKH32370.1	XF24_00005	GCA_001007975.1	candidate division SR1 bacterium Aalborg_AAW-1	1643353	COG0258	298	1-298	298	0	most of protein + most of COG profile	212.0	4.14e-67	310	10-304	1.0000	0.9516	false	0.0000		keep
GCA_001029635.1|UX70_C0001G0356|AKM78081.1	AKM78081.1	UX70_C0001G0356	GCA_001029635.1	Candidatus Wolfebacteria bacterium GW2011_GWB1_47_1	1619007	COG0258	724	1-312	312	1	most of COG profile + part of protein	218.0	3.15e-65	310	10-303	0.4309	0.9484	false	0.0000		keep
GCA_001029735.1|UT28_C0001G0502|AKM82307.1	AKM82307.1	UT28_C0001G0502	GCA_001029735.1	Berkelbacteria bacterium GW2011_GWE1_39_12	1618337	COG0258	302	1-302	302	0	most of protein + most of COG profile	221.0	1.13e-70	310	10-305	1.0000	0.9548	false	0.0000		keep
GCA_001029755.1|UR17_C0001G0388|AKM83190.1	AKM83190.1	UR17_C0001G0388	GCA_001029755.1	Candidatus Woesebacteria bacterium GW2011_GWF1_31_35	1618600	COG0258	312	1-312	312	0	most of protein + most of COG profile	225.0	4.58e-72	310	5-303	1.0000	0.9645	false	0.0000		keep
GCA_001029795.1|VE98_C0001G0548|AKM85002.1	AKM85002.1	VE98_C0001G0548	GCA_001029795.1	candidate division Kazan bacterium GW2011_GWA1_50_15	1620412	COG0258	725	1-301	301	1	most of COG profile + part of protein	255.0	2.71e-79	310	7-301	0.4152	0.9516	false	0.0000		keep
GCA_001430755.1|PeribacterA2_0586|ALM09962.1	ALM09962.1	PeribacterA2_0586	GCA_001430755.1	Candidatus Peribacter riflensis	1735162	COG0258	307	1-307	307	0	most of protein + most of COG profile	228.0	3.72e-73	310	22-301	1.0000	0.9032	false	0.0000		keep
GCA_001560915.1|AR505_0460|AMH94181.1	AMH94181.1	AR505_0460	GCA_001560915.1	methanogenic archaeon ISO4-H5	1495144	COG0258	342	1-342	342	0	most of protein + most of COG profile	153.0	7.81e-44	310	1-309	1.0000	0.9968	false	0.0000		keep
GCA_001765415.1|BHV42_00455|AOR37754.1	AOR37754.1	BHV42_00455	GCA_001765415.1	Candidatus Melainabacteria bacterium MEL.A1	1899017	COG0258	953	1-319	319	1	most of COG profile + part of protein	224.0	1.28e-66	310	7-301	0.3347	0.9516	false	0.0000		keep
GCA_001761425.1|AQV86_05820|AOV95404.1	AOV95404.1	AQV86_05820	GCA_001761425.1	Nanohaloarchaea archaeon SG9	1737403	COG0258	340	1-340	340	0	most of protein + most of COG profile	147.0	1.48e-41	310	1-308	1.0000	0.9935	false	0.0000		keep
GCA_002761215.1|BKN14_00955|ATU05006.1	ATU05006.1	BKN14_00955	GCA_002761215.1	Candidatus Gracilibacteria bacterium HOT-871	1540872	COG0258	435	1-316	316	1	most of COG profile + part of protein	207.0	1.72e-63	310	10-296	0.7264	0.9258	false	0.0000		keep
GCA_003290465.1|BRCON_1535|AXA36312.1	AXA36312.1	BRCON_1535	GCA_003290465.1	Candidatus Sumerlaea chitinivorans	2250252	COG0258	900	1-300	300	1	most of COG profile + part of protein	264.0	2.24e-81	310	13-303	0.3333	0.9387	false	0.0000		keep
GCA_000270325.1|CSUB_C0799|BAJ50657.1	BAJ50657.1	CSUB_C0799	GCA_000270325.1	Candidatus Caldarchaeum subterraneum	311458	COG0258	344	1-344	344	0	most of protein + most of COG profile	155.0	1.71e-44	310	2-303	1.0000	0.9742	false	0.0000		keep
GCA_021654395.1|ARM1_0341|BCS90884.1	BCS90884.1	ARM1_0341	GCA_021654395.1	Candidatus Micrarchaeota archaeon	2250274	COG0258	345	1-345	345	0	most of protein + most of COG profile	150.0	9.49e-43	310	1-302	1.0000	0.9742	false	0.0000		keep
GCA_025999155.1|KatS3mg084_0002|BDQ04484.1	BDQ04484.1	KatS3mg084_0002	GCA_025999155.1	Candidatus Dojkabacteria bacterium	2099670	COG0258	456	1-296	296	1	most of COG profile + part of protein	216.0	8.03e-67	310	10-303	0.6491	0.9484	false	0.0000		keep
GCA_000091165.1|DAMO_2253|CBE69303.1	CBE69303.1	DAMO_2253	GCA_000091165.1	Candidatus Methylomirabilis oxygeniifera	671143	COG0258	873	1-292	292	1	most of COG profile + part of protein	263.0	4.2e-81	310	11-302	0.3345	0.9419	false	0.0000		keep
GCA_000196815.1|NIDE4158|CBK43826.1	CBK43826.1	NIDE4158	GCA_000196815.1	Nitrospira defluvii	330214	COG0258	881	1-292	292	1	most of COG profile + part of protein	264.0	1.84e-81	310	10-301	0.3314	0.9419	false	0.0000		keep
GCA_000967895.1|OLEAN_C00340|CCK74210.1	CCK74210.1	OLEAN_C00340	GCA_000967895.1	Oleispira antarctica RB-8	698738	COG0258	937	1-318	318	1	most of COG profile + part of protein	272.0	4e-84	310	3-298	0.3394	0.9548	false	0.0000		keep
GCA_000967895.1|OLEAN_C19320|CCK76108.1	CCK76108.1	OLEAN_C19320	GCA_000967895.1	Oleispira antarctica RB-8	698738	COG0258	245	1-245	245	0	most of protein + most of COG profile	156.0	8.07e-46	310	19-267	1.0000	0.8032	false	0.0000		keep
GCA_000246735.1|MG2_0032|EHR75620.1	EHR75620.1	MG2_0032	GCA_000246735.1	uncultured Candidatus Poseidoniales archaeon	274854	COG0258	342	1-342	342	0	most of protein + most of COG profile	132.0	9.2e-36	310	1-309	1.0000	0.9968	false	0.0000		keep
GCF_000006765.1|PA5493|NP_254180.1	NP_254180.1	PA5493	GCF_000006765.1	Pseudomonas aeruginosa PAO1	208964	COG0258	913	1-305	305	1	most of COG profile + part of protein	264.0	1.82e-81	310	12-307	0.3341	0.9548	false	0.0000		keep
GCF_000009045.1|BSU_22010|NP_390083.1	NP_390083.1	BSU_22010	GCF_000009045.1	Bacillus subtilis subsp. subtilis str. 168	224308	COG0258	296	1-296	296	0	most of protein + most of COG profile	242.0	6.49e-79	310	8-305	1.0000	0.9613	false	0.0000		keep
GCF_000009045.1|BSU_29090|NP_390787.1	NP_390787.1	BSU_29090	GCF_000009045.1	Bacillus subtilis subsp. subtilis str. 168	224308	COG0258	880	1-297	297	1	most of COG profile + part of protein	278.0	5.03e-87	310	7-304	0.3375	0.9613	false	0.0000		keep
GCF_000005845.2|b2798|NP_417278.4	NP_417278.4	b2798	GCF_000005845.2	Escherichia coli str. K-12 substr. MG1655	511145	COG0258	251	1-251	251	0	most of protein + most of COG profile	217.0	9.15e-70	310	12-267	1.0000	0.8258	false	0.0000		keep
GCF_000005845.2|b3863|NP_418300.1	NP_418300.1	b3863	GCF_000005845.2	Escherichia coli str. K-12 substr. MG1655	511145	COG0258	928	1-314	314	1	most of COG profile + part of protein	295.0	8.33e-93	310	5-301	0.3384	0.9581	false	0.0000		keep
GCA_013426015.1|Sv326_0221|QLJ52396.1	QLJ52396.1	Sv326_0221	GCA_013426015.1	Candidatus Fermentimicrarchaeum limneticum	2795018	COG0258	343	1-343	343	0	most of protein + most of COG profile	158.0	6.97e-46	310	1-309	1.0000	0.9968	false	0.0000		keep
GCA_014075295.1|GKS04_00640|QMU55704.1	QMU55704.1	GKS04_00640	GCA_014075295.1	Candidatus Dadabacteria bacterium	2080303	COG0258	880	1-289	289	1	most of COG profile + part of protein	266.0	2.8e-82	310	10-290	0.3284	0.9065	false	0.0000		keep
GCA_016432305.1|HYS32_01925|QQG39194.1	QQG39194.1	HYS32_01925	GCA_016432305.1	Candidatus Woesearchaeota archaeon	2026803	COG0258	335	1-335	335	0	most of protein + most of COG profile	149.0	1.62e-42	310	1-309	1.0000	0.9968	false	0.0000		keep
GCA_016432325.1|HYS81_00905|QQG39954.1	QQG39954.1	HYS81_00905	GCA_016432325.1	Candidatus Aenigmatarchaeota archaeon	3121606	COG0258	341	1-341	341	0	most of protein + most of COG profile	170.0	1.69e-50	310	1-310	1.0000	1.0000	false	0.0000		keep
GCA_016699555.1|IPJ89_03830|QQR92262.1	QQR92262.1	IPJ89_03830	GCA_016699555.1	Candidatus Diapherotrites archaeon	2026736	COG0258	340	1-340	340	0	most of protein + most of COG profile	125.0	2.26e-33	310	1-308	1.0000	0.9935	false	0.0000		keep
GCA_020341755.1|JSW02_00375|UCC12024.1	UCC12024.1	JSW02_00375	GCA_020341755.1	candidate division WOR-3 bacterium	2052148	COG0258	815	1-270	270	1	most of COG profile + part of protein	216.0	3.58e-64	310	11-308	0.3313	0.9613	false	0.0000		keep
GCA_020344415.1|JSV96_16680|UCC39402.1	UCC39402.1	JSV96_16680	GCA_020344415.1	Candidatus Aminicenantes bacterium	2052149	COG0258	891	1-292	292	1	most of COG profile + part of protein	250.0	2.45e-76	310	8-309	0.3277	0.9742	false	0.0000		keep
GCA_020344315.1|JSW14_06475|UCC58000.1	UCC58000.1	JSW14_06475	GCA_020344315.1	Candidatus Bathyarchaeum sp.	3072974	COG0258	344	1-344	344	0	most of protein + most of COG profile	162.0	3.4e-47	310	3-309	1.0000	0.9903	false	0.0000		keep
GCA_020343435.1|JSW08_02860|UCD20690.1	UCD20690.1	JSW08_02860	GCA_020343435.1	archaeon	1906665	COG0258	346	1-346	346	0	most of protein + most of COG profile	148.0	5.77e-42	310	1-308	1.0000	0.9935	false	0.0000		keep
GCA_020348985.1|JSW61_09085|UCE09126.1	UCE09126.1	JSW61_09085	GCA_020348985.1	Candidatus Thorarchaeota archaeon	2053491	COG0258	340	1-340	340	0	most of protein + most of COG profile	166.0	8.86e-49	310	1-309	1.0000	0.9968	false	0.0000		keep
GCA_020348985.1|JSW61_00430|UCE10423.1	UCE10423.1	JSW61_00430	GCA_020348985.1	Candidatus Thorarchaeota archaeon	2053491	COG0258	329	1-329	329	0	most of protein + most of COG profile	88.6	8.66e-20	310	13-308	1.0000	0.9548	false	0.0000		keep
GCA_020348985.1|JSW61_06585|UCE11894.1	UCE11894.1	JSW61_06585	GCA_020348985.1	Candidatus Thorarchaeota archaeon	2053491	COG0258	378	1-378	378	0	most of protein + most of COG profile	157.0	3.87e-45	310	1-309	1.0000	0.9968	false	0.0000		keep
GCA_020348885.1|JSW52_06695|UCE26049.1	UCE26049.1	JSW52_06695	GCA_020348885.1	Candidatus Coatesbacteria bacterium	2250272	COG0258	801	1-230	230	3	partial protein + partial COG profile	182.0	8.26e-52	310	65-306	0.2871	0.7806	false	0.0000	membership_class_3	review
GCA_020348885.1|JSW52_01420|UCE27440.1	UCE27440.1	JSW52_01420	GCA_020348885.1	Candidatus Coatesbacteria bacterium	2250272	COG0258	288	1-205	205	3	partial protein + partial COG profile	217.0	3.34e-69	310	11-215	0.7118	0.6613	false	0.0000	membership_class_3	review
GCA_020349905.1|JSW03_11240|UCF78632.1	UCF78632.1	JSW03_11240	GCA_020349905.1	Candidatus Eisenbacteria bacterium	2212470	COG0258	890	1-326	326	1	most of COG profile + part of protein	268.0	6.69e-83	310	10-306	0.3663	0.9581	false	0.0000		keep
GCA_020349905.1|JSW03_02920|UCF79223.1	UCF79223.1	JSW03_02920	GCA_020349905.1	Candidatus Eisenbacteria bacterium	2212470	COG0258	296	1-296	296	0	most of protein + most of COG profile	128.0	6.71e-35	310	13-290	1.0000	0.8968	false	0.0000		keep
GCA_020355185.1|JSV92_02750|UCG94948.1	UCG94948.1	JSV92_02750	GCA_020355185.1	archaeon	1906665	COG0258	344	1-344	344	0	most of protein + most of COG profile	159.0	3.82e-46	310	1-308	1.0000	0.9935	false	0.0000		keep
GCA_021513715.1|K9W46_11045|UJG42902.1	UJG42902.1	K9W46_11045	GCA_021513715.1	Candidatus Heimdallarchaeum endolithica	2876572	COG0258	344	1-344	344	0	most of protein + most of COG profile	161.0	1.01e-46	310	2-309	1.0000	0.9935	false	0.0000		keep
GCA_025839675.1|NEF87_003796|UYP47511.1	UYP47511.1	NEF87_003796	GCA_025839675.1	Candidatus Lokiarchaeum ossiferum	2951803	COG0258	389	1-389	389	0	most of protein + most of COG profile	112.0	4.45e-28	310	10-293	1.0000	0.9161	false	0.0000		keep
GCA_025839675.1|NEF87_004011|UYP47726.1	UYP47726.1	NEF87_004011	GCA_025839675.1	Candidatus Lokiarchaeum ossiferum	2951803	COG0258	349	1-349	349	0	most of protein + most of COG profile	156.0	8.32e-45	310	4-309	1.0000	0.9871	false	0.0000		keep
GCA_026016245.1|IB618_01440|UZE94217.1	UZE94217.1	IB618_01440	GCA_026016245.1	Candidatus Pacearchaeota archaeon	2026773	COG0258	347	1-347	347	0	most of protein + most of COG profile	131.0	1.26e-35	310	1-309	1.0000	0.9968	false	0.0000		keep
GCA_029232205.1|HBNXNv_1063|WEL23886.1	WEL23886.1	HBNXNv_1063	GCA_029232205.1	Candidatus Nanohalovita haloferacivicina	2978046	COG0258	343	1-343	343	0	most of protein + most of COG profile	146.0	4.49e-41	310	1-309	1.0000	0.9968	false	0.0000		keep
GCA_001940665.2|OdinLCB4_004085|WEU39673.1	WEU39673.1	OdinLCB4_004085	GCA_001940665.2	Candidatus Odinarchaeum yellowstonii	1841599	COG0258	343	1-343	343	0	most of protein + most of COG profile	175.0	3.41e-52	310	1-310	1.0000	1.0000	false	0.0000		keep
GCF_000006745.1|VC_RS04445|WP_000052130.1	WP_000052130.1	VC_RS04445	GCF_000006745.1	Vibrio cholerae O1 biovar El Tor str. N16961	243277	COG0258	259	1-259	259	0	most of protein + most of COG profile	189.0	7.9e-59	310	12-268	1.0000	0.8290	false	0.0000		keep
GCF_000307795.1|C694_RS07575|WP_000437576.1	WP_000437576.1	C694_RS07575	GCF_000307795.1	Helicobacter pylori 26695	85962	COG0258	891	1-309	309	1	most of COG profile + part of protein	202.0	8.89e-59	310	3-303	0.3468	0.9710	false	0.0000		keep
GCF_000307795.1|C694_RS05260|WP_000556224.1	WP_000556224.1	C694_RS05260	GCF_000307795.1	Helicobacter pylori 26695	85962	COG0258	278	1-278	278	0	most of protein + most of COG profile	122.0	1.41e-32	310	7-294	1.0000	0.9290	false	0.0000		keep
GCF_000092565.1|LA_RS14790|WP_000825981.1	WP_000825981.1	LA_RS14790	GCF_000092565.1	Leptospira interrogans serovar Lai str. 56601	189518	COG0258	917	1-307	307	1	most of COG profile + part of protein	224.0	9.19e-67	310	10-307	0.3348	0.9613	false	0.0000		keep
GCF_000006745.1|VC_RS00510|WP_000940283.1	WP_000940283.1	VC_RS00510	GCF_000006745.1	Vibrio cholerae O1 biovar El Tor str. N16961	243277	COG0258	934	1-316	316	1	most of COG profile + part of protein	281.0	1.26e-87	310	5-303	0.3383	0.9645	false	0.0000		keep
GCF_000006885.1|SP_RS00195|WP_001808750.1	WP_001808750.1	SP_RS00195	GCF_000006885.1	Streptococcus pneumoniae TIGR4	170187	COG0258	877	1-297	297	1	most of COG profile + part of protein	271.0	1.98e-84	310	10-300	0.3387	0.9387	false	0.0000		keep
GCF_000011985.1|LBA_RS07590|WP_003548351.1	WP_003548351.1	LBA_RS07590	GCF_000011985.1	Lactobacillus acidophilus NCFM	272621	COG0258	886	1-303	303	1	most of COG profile + part of protein	252.0	6.53e-77	310	11-306	0.3420	0.9548	false	0.0000		keep
GCF_000092265.1|MCR_RS07575|WP_003674299.1	WP_003674299.1	MCR_RS07575	GCF_000092265.1	Moraxella catarrhalis BBH18	1236608	COG0258	959	1-335	335	1	most of COG profile + part of protein	254.0	1.68e-77	310	5-302	0.3493	0.9613	false	0.0000		keep
GCF_000025685.1|HVO_RS18590|WP_004044689.1	WP_004044689.1	HVO_RS18590	GCF_000025685.1	Haloferax volcanii DS2	309800	COG0258	326	1-326	326	0	most of protein + most of COG profile	139.0	1.81e-38	310	3-252	1.0000	0.8065	false	0.0000		keep
GCF_000008545.1|TM_RS08245|WP_004082086.1	WP_004082086.1	TM_RS08245	GCF_000008545.1	Thermotoga maritima MSB8	243274	COG0258	893	1-297	297	1	most of COG profile + part of protein	248.0	1.04e-75	310	10-305	0.3326	0.9548	false	0.0000		keep
GCF_000195735.1|RP_RS03980|WP_004596955.1	WP_004596955.1	RP_RS03980	GCF_000195735.1	Rickettsia prowazekii str. Madrid E	272947	COG0258	867	1-299	299	1	most of COG profile + part of protein	259.0	1.16e-79	310	7-308	0.3449	0.9742	false	0.0000		keep
GCF_000196395.1|ASA_RS15825|WP_005312011.1	WP_005312011.1	ASA_RS15825	GCF_000196395.1	Aeromonas salmonicida subsp. salmonicida A449	382245	COG0258	265	1-265	265	0	most of protein + most of COG profile	190.0	6.06e-59	310	10-268	1.0000	0.8355	false	0.0000		keep
GCF_000196395.1|ASA_RS20760|WP_005321200.1	WP_005321200.1	ASA_RS20760	GCF_000196395.1	Aeromonas salmonicida subsp. salmonicida A449	382245	COG0258	918	1-309	309	1	most of COG profile + part of protein	270.0	1.24e-83	310	7-307	0.3366	0.9710	false	0.0000		keep
GCF_000007585.1|PG_RS07915|WP_005874144.1	WP_005874144.1	PG_RS07915	GCF_000007585.1	Porphyromonas gingivalis W83	242619	COG0258	926	1-313	313	1	most of COG profile + part of protein	249.0	8.85e-76	310	12-302	0.3380	0.9387	false	0.0000		keep
GCF_001886815.1|Cabys_RS07910|WP_006929792.1	WP_006929792.1	Cabys_RS07910	GCF_001886815.1	Caldithrix abyssi DSM 13497	880073	COG0258	908	1-302	302	1	most of COG profile + part of protein	264.0	2.5e-81	310	10-308	0.3326	0.9645	false	0.0000		keep
GCF_000025665.1|ABOO_RS02470|WP_008082612.1	WP_008082612.1	ABOO_RS02470	GCF_000025665.1	Aciduliprofundum boonei T469	439481	COG0258	339	1-339	339	0	most of protein + most of COG profile	183.0	1.95e-55	310	1-309	1.0000	0.9968	false	0.0000		keep
GCF_000230275.1|ACIN_RS10120|WP_009014918.1	WP_009014918.1	ACIN_RS10120	GCF_000230275.1	Acidaminococcus intestini RyC-MR95	568816	COG0258	873	1-305	305	1	most of COG profile + part of protein	252.0	3.57e-77	310	12-301	0.3494	0.9355	false	0.0000		keep
GCF_000021485.1|AFE_RS14180|WP_009567300.1	WP_009567300.1	AFE_RS14180	GCF_000021485.1	Acidithiobacillus ferrooxidans ATCC 23270	243159	COG0258	899	1-293	293	1	most of COG profile + part of protein	257.0	7.33e-79	310	8-307	0.3259	0.9677	false	0.0000		keep
GCF_000027325.1|MG_RS01555|WP_010869399.1	WP_010869399.1	MG_RS01555	GCF_000027325.1	Mycoplasmoides genitalium G37	243273	COG0258	291	1-291	291	0	most of protein + most of COG profile	236.0	1.19e-76	310	10-300	1.0000	0.9387	false	0.0000		keep
GCF_000091665.1|MJ_RS07725|WP_010870964.1	WP_010870964.1	MJ_RS07725	GCF_000091665.1	Methanocaldococcus jannaschii DSM 2661	243232	COG0258	326	1-326	326	0	most of protein + most of COG profile	157.0	2.3e-45	310	4-310	1.0000	0.9903	false	0.0000		keep
GCF_000008665.1|AF_RS01330|WP_010877775.1	WP_010877775.1	AF_RS01330	GCF_000008665.1	Archaeoglobus fulgidus DSM 4304	224325	COG0258	336	1-336	336	0	most of protein + most of COG profile	184.0	7.81e-56	310	1-309	1.0000	0.9968	false	0.0000		keep
GCF_000008625.1|AQ_RS06325|WP_010881053.1	WP_010881053.1	AQ_RS06325	GCF_000008625.1	Aquifex aeolicus VF5	224324	COG0258	289	1-289	289	0	most of protein + most of COG profile	248.0	2.46e-81	310	10-304	1.0000	0.9516	false	0.0000		keep
GCF_000604125.1|TPSEA814_RS00515|WP_010881554.1	WP_010881554.1	TPSEA814_RS00515	GCF_000604125.1	Treponema pallidum subsp. pallidum str. Sea 81-4	1095955	COG0258	997	1-300	300	1	most of COG profile + part of protein	270.0	2.99e-83	310	7-303	0.3009	0.9581	false	0.0000		keep
GCF_000008745.1|CPN_RS03120|WP_010883250.1	WP_010883250.1	CPN_RS03120	GCF_000008745.1	Chlamydia pneumoniae CWL029	115713	COG0258	870	1-292	292	1	most of COG profile + part of protein	244.0	2.84e-74	310	10-294	0.3356	0.9194	false	0.0000		keep
GCF_000195915.1|TA_RS05360|WP_010901446.1	WP_010901446.1	TA_RS05360	GCF_000195915.1	Thermoplasma acidophilum DSM 1728	273075	COG0258	336	1-336	336	0	most of protein + most of COG profile	177.0	3.37e-53	310	1-309	1.0000	0.9968	false	0.0000		keep
GCF_000006805.1|VNG_RS05300|WP_010902986.1	WP_010902986.1	VNG_RS05300	GCF_000006805.1	Halobacterium salinarum NRC-1	64091	COG0258	327	1-327	327	0	most of protein + most of COG profile	128.0	1.67e-34	310	1-309	1.0000	0.9968	false	0.0000		keep
GCF_000006825.1|PM_RS05560|WP_010906999.1	WP_010906999.1	PM_RS05560	GCF_000006825.1	Pasteurella multocida subsp. multocida str. Pm70	272843	COG0258	930	1-316	316	1	most of COG profile + part of protein	293.0	4.24e-92	310	5-305	0.3398	0.9710	false	0.0000		keep
GCF_000006985.1|AYT24_RS07515|WP_010933331.1	WP_010933331.1	AYT24_RS07515	GCF_000006985.1	Chlorobaculum tepidum TLS	194439	COG0258	950	1-340	340	1	most of COG profile + part of protein	253.0	3.1e-77	310	3-302	0.3579	0.9677	false	0.0000		keep
GCF_000011905.1|DET_RS07125|WP_010937077.1	WP_010937077.1	DET_RS07125	GCF_000011905.1	Dehalococcoides mccartyi 195	243164	COG0258	903	1-307	307	1	most of COG profile + part of protein	248.0	1.98e-75	310	8-310	0.3400	0.9774	false	0.0000		keep
GCF_000008485.1|LPG_RS00510|WP_010945860.1	WP_010945860.1	LPG_RS00510	GCF_000008485.1	Legionella pneumophila subsp. pneumophila str. Philadelphia 1	272624	COG0258	896	1-295	295	1	most of COG profile + part of protein	285.0	3.41e-89	310	10-307	0.3292	0.9613	false	0.0000		keep
GCF_000008325.1|MCA_RS12605|WP_010961789.1	WP_010961789.1	MCA_RS12605	GCF_000008325.1	Methylococcus capsulatus str. Bath	243233	COG0258	906	1-301	301	1	most of COG profile + part of protein	286.0	7.23e-90	310	4-302	0.3322	0.9645	false	0.0000		keep
GCF_000008805.1|NMB_RS10310|WP_010981015.1	WP_010981015.1	NMB_RS10310	GCF_000008805.1	Neisseria meningitidis MC58	122586	COG0258	938	1-313	313	1	most of COG profile + part of protein	278.0	2.07e-86	310	7-309	0.3337	0.9774	false	0.0000		keep
GCF_000007305.1|PF_RS07095|WP_011012561.1	WP_011012561.1	PF_RS07095	GCF_000007305.1	Pyrococcus furiosus DSM 3638	186497	COG0258	340	1-340	340	0	most of protein + most of COG profile	180.0	2.45e-54	310	1-310	1.0000	1.0000	false	0.0000		keep
GCF_003019295.1|C7Y58_RS06580|WP_011016594.1	WP_011016594.1	C7Y58_RS06580	GCF_003019295.1	Fusobacterium nucleatum subsp. nucleatum ATCC 25586	190304	COG0258	911	1-313	313	1	most of COG profile + part of protein	219.0	7.39e-65	310	10-309	0.3436	0.9677	false	0.0000		keep
GCF_000007185.1|MK_RS03015|WP_011018936.1	WP_011018936.1	MK_RS03015	GCF_000007185.1	Methanopyrus kandleri AV19	190192	COG0258	348	1-348	348	0	most of protein + most of COG profile	182.0	7.18e-55	310	1-309	1.0000	0.9968	false	0.0000		keep
GCF_000007345.1|MA_RS20890|WP_011023899.1	WP_011023899.1	MA_RS20890	GCF_000007345.1	Methanosarcina acetivorans C2A	188937	COG0258	338	1-338	338	0	most of protein + most of COG profile	168.0	1.6e-49	310	1-309	1.0000	0.9968	false	0.0000		keep
GCF_000011065.1|BT_RS16515|WP_011108723.1	WP_011108723.1	BT_RS16515	GCF_000011065.1	Bacteroides thetaiotaomicron VPI-5482	226186	COG0258	949	1-323	323	1	most of COG profile + part of protein	245.0	3.66e-74	310	7-304	0.3404	0.9613	false	0.0000		keep
GCF_000009145.1|ALW85_RS07680|WP_011112036.1	WP_011112036.1	ALW85_RS07680	GCF_000009145.1	Nitrosomonas europaea ATCC 19718	228410	COG0258	912	1-301	301	1	most of COG profile + part of protein	273.0	1.1e-84	310	10-299	0.3300	0.9355	false	0.0000		keep
GCF_000011385.1|GLL_RS03315|WP_011140638.1	WP_011140638.1	GLL_RS03315	GCF_000011385.1	Gloeobacter violaceus PCC 7421	251221	COG0258	938	1-326	326	1	most of COG profile + part of protein	238.0	1.28e-71	310	5-303	0.3475	0.9645	false	0.0000		keep
GCF_000091545.1|TTH_RS05365|WP_011228405.1	WP_011228405.1	TTH_RS05365	GCF_000091545.1	Thermus thermophilus HB8	300852	COG0258	834	1-282	282	1	most of COG profile + part of protein	264.0	8.54e-82	310	3-305	0.3381	0.9774	false	0.0000		keep
GCF_000025965.1|EBN1_RS11200|WP_011238068.1	WP_011238068.1	EBN1_RS11200	GCF_000025965.1	Aromatoleum aromaticum EbN1	76114	COG0258	908	1-299	299	1	most of COG profile + part of protein	267.0	1.19e-82	310	10-309	0.3293	0.9677	false	0.0000		keep
GCF_000009965.1|TK_RS06335|WP_011250232.1	WP_011250232.1	TK_RS06335	GCF_000009965.1	Thermococcus kodakarensis KOD1	69014	COG0258	340	1-340	340	0	most of protein + most of COG profile	181.0	1.11e-54	310	1-309	1.0000	0.9968	false	0.0000		keep
GCF_000026045.1|NP_RS09355|WP_011323600.1	WP_011323600.1	NP_RS09355	GCF_000026045.1	Natronomonas pharaonis DSM 2160	348780	COG0258	328	1-328	328	2	most of protein + part of COG profile	129.0	6.19e-35	310	1-249	1.0000	0.8032	false	0.0000	membership_class_2	review
GCF_000012525.1|SYNPCC7942_RS00985|WP_011377486.1	WP_011377486.1	SYNPCC7942_RS00985	GCF_000012525.1	Synechococcus elongatus PCC 7942 = FACHB-805	1140	COG0258	953	1-326	326	1	most of COG profile + part of protein	247.0	8.27e-75	310	6-308	0.3421	0.9774	false	0.0000		keep
GCF_000013085.1|RRU_RS18155|WP_011391261.1	WP_011391261.1	RRU_RS18155	GCF_000013085.1	Rhodospirillum rubrum ATCC 11170	269796	COG0258	924	1-299	299	1	most of COG profile + part of protein	266.0	6.18e-82	310	7-307	0.3236	0.9710	false	0.0000		keep
GCF_001267435.1|MOTHA_RS09510|WP_011393341.1	WP_011393341.1	MOTHA_RS09510	GCF_001267435.1	Moorella thermoacetica	1525	COG0258	885	1-305	305	1	most of COG profile + part of protein	265.0	6.97e-82	310	6-307	0.3446	0.9742	false	0.0000		keep
GCF_000013405.1|SYN_RS02795|WP_011416497.1	WP_011416497.1	SYN_RS02795	GCF_000013405.1	Syntrophus aciditrophicus SB	56780	COG0258	901	1-301	301	1	most of COG profile + part of protein	269.0	2.67e-83	310	5-302	0.3341	0.9613	false	0.0000		keep
GCF_000014005.1|ACID345_RS12495|WP_011523226.1	WP_011523226.1	ACID345_RS12495	GCF_000014005.1	Candidatus Koribacter versatilis Ellin345	204669	COG0258	300	1-300	300	0	most of protein + most of COG profile	119.0	2.57e-31	310	12-292	1.0000	0.9065	false	0.0000		keep
GCF_000014005.1|ACID345_RS23315|WP_011525276.1	WP_011525276.1	ACID345_RS23315	GCF_000014005.1	Candidatus Koribacter versatilis Ellin345	204669	COG0258	929	1-348	348	1	most of COG profile + part of protein	222.0	8.19e-66	310	11-303	0.3746	0.9452	false	0.0000		keep
GCF_000012685.1|MXAN_RS01640|WP_011550473.1	WP_011550473.1	MXAN_RS01640	GCF_000012685.1	Myxococcus xanthus DK 1622	246197	COG0258	294	1-294	294	0	most of protein + most of COG profile	150.0	2.03e-43	310	12-296	1.0000	0.9194	false	0.0000		keep
GCF_000012685.1|MXAN_RS15070|WP_011553159.1	WP_011553159.1	MXAN_RS15070	GCF_000012685.1	Myxococcus xanthus DK 1622	246197	COG0258	908	1-306	306	1	most of COG profile + part of protein	240.0	2.26e-72	310	4-300	0.3370	0.9581	false	0.0000		keep
GCF_000014145.1|CHU_RS17755|WP_011586995.1	WP_011586995.1	CHU_RS17755	GCF_000014145.1	Cytophaga hutchinsonii ATCC 33406	269798	COG0258	946	1-321	321	1	most of COG profile + part of protein	246.0	1.24e-74	310	10-307	0.3393	0.9613	false	0.0000		keep
GCF_000014745.1|MMAR10_RS00080|WP_011641959.1	WP_011641959.1	MMAR10_RS00080	GCF_000014745.1	Maricaulis maris MCS10	394221	COG0258	928	1-309	309	1	most of COG profile + part of protein	271.0	8.08e-84	310	4-304	0.3330	0.9710	false	0.0000		keep
GCF_000014965.1|SFUM_RS08335|WP_011698469.1	WP_011698469.1	SFUM_RS08335	GCF_000014965.1	Syntrophobacter fumaroxidans MPOB	335543	COG0258	902	1-300	300	1	most of COG profile + part of protein	249.0	5.26e-76	310	6-303	0.3326	0.9613	false	0.0000		keep
GCF_000014865.1|MMC1_RS16690|WP_011714813.1	WP_011714813.1	MMC1_RS16690	GCF_000014865.1	Magnetococcus marinus MC-1	156889	COG0258	911	1-301	301	1	most of COG profile + part of protein	268.0	8.22e-83	310	12-307	0.3304	0.9548	false	0.0000		keep
GCF_000015025.1|ACEL_RS05600|WP_011719923.1	WP_011719923.1	ACEL_RS05600	GCF_000015025.1	Acidothermus cellulolyticus 11B	351607	COG0258	910	1-318	318	1	most of COG profile + part of protein	259.0	2.31e-79	310	9-307	0.3495	0.9645	false	0.0000		keep
GCF_000016545.1|CSAC_RS10040|WP_011917508.1	WP_011917508.1	CSAC_RS10040	GCF_000016545.1	Caldicellulosiruptor saccharolyticus DSM 8903	351627	COG0258	849	1-285	285	1	most of COG profile + part of protein	261.0	7.8e-81	310	12-307	0.3357	0.9548	false	0.0000		keep
GCF_000017945.1|IGNI_RS03580|WP_011998725.1	WP_011998725.1	IGNI_RS03580	GCF_000017945.1	Ignicoccus hospitalis KIN4/I	453591	COG0258	350	1-350	350	0	most of protein + most of COG profile	184.0	8.17e-56	310	1-310	1.0000	1.0000	false	0.0000		keep
GCF_000016645.1|FJOH_RS08375|WP_012023693.1	WP_012023693.1	FJOH_RS08375	GCF_000016645.1	Flavobacterium johnsoniae UW101	376686	COG0258	949	1-322	322	1	most of COG profile + part of protein	229.0	2.61e-68	310	7-307	0.3393	0.9710	false	0.0000		keep
GCF_000063585.1|CBO_RS14780|WP_012048038.1	WP_012048038.1	CBO_RS14780	GCF_000063585.1	Clostridium botulinum A str. ATCC 3502	413999	COG0258	875	1-299	299	1	most of COG profile + part of protein	262.0	6.35e-81	310	8-300	0.3417	0.9452	false	0.0000		keep
GCF_000018685.1|CPHY_RS14455|WP_012200814.1	WP_012200814.1	CPHY_RS14455	GCF_000018685.1	Lachnoclostridium phytofermentans ISDg	357809	COG0258	994	1-386	386	1	most of COG profile + part of protein	166.0	5.9e-46	310	5-308	0.3883	0.9806	false	0.0000		keep
GCF_000018605.1|PMOB_RS00385|WP_012207933.1	WP_012207933.1	PMOB_RS00385	GCF_000018605.1	Petrotoga mobilis SJ95	403833	COG0258	896	1-306	306	1	most of COG profile + part of protein	241.0	8.45e-73	310	10-298	0.3415	0.9323	false	0.0000		keep
GCF_000018465.1|NMAR_RS03765|WP_012215086.1	WP_012215086.1	NMAR_RS03765	GCF_000018465.1	Nitrosopumilus maritimus SCM1	436308	COG0258	340	1-340	340	0	most of protein + most of COG profile	145.0	6.6e-41	310	1-309	1.0000	0.9968	false	0.0000		keep
GCF_000019605.1|KCR_RS07330|WP_012310045.1	WP_012310045.1	KCR_RS07330	GCF_000019605.1	Candidatus Korarchaeum cryptofilum OPF8	374847	COG0258	342	1-342	342	0	most of protein + most of COG profile	150.0	7.41e-43	310	3-309	1.0000	0.9903	false	0.0000		keep
GCF_000019965.1|OTER_RS14455|WP_012375669.1	WP_012375669.1	OTER_RS14455	GCF_000019965.1	Opitutus terrae PB90-1	452637	COG0258	320	1-320	320	1	most of COG profile + part of protein	206.0	2.06e-64	310	10-261	1.0000	0.8129	false	0.0000		keep
GCF_000020025.1|NPUN_RS31495|WP_012412423.1	WP_012412423.1	NPUN_RS31495	GCF_000020025.1	Nostoc punctiforme PCC 73102	63737	COG0258	978	1-338	338	1	most of COG profile + part of protein	256.0	5.41e-78	310	4-308	0.3456	0.9839	false	0.0000		keep
GCF_000020145.1|EMIN_RS02570|WP_012414668.1	WP_012414668.1	EMIN_RS02570	GCF_000020145.1	Elusimicrobium minutum Pei191	445932	COG0258	862	1-296	296	1	most of COG profile + part of protein	200.0	4.9e-58	310	6-301	0.3434	0.9548	false	0.0000		keep
GCF_000020225.1|AMUC_RS10340|WP_012420965.1	WP_012420965.1	AMUC_RS10340	GCF_000020225.1	Akkermansia muciniphila ATCC BAA-835	349741	COG0258	945	1-327	327	1	most of COG profile + part of protein	250.0	4.41e-76	310	5-307	0.3460	0.9774	false	0.0000		keep
GCF_000020005.1|NTHER_RS09580|WP_012448327.1	WP_012448327.1	NTHER_RS09580	GCF_000020005.1	Natranaerobius thermophilus JW/NM-WN-LF	457570	COG0258	930	1-317	317	1	most of COG profile + part of protein	233.0	1.11e-69	310	11-307	0.3409	0.9581	false	0.0000		keep
GCF_000019665.1|MINF_RS02175|WP_012462826.1	WP_012462826.1	MINF_RS02175	GCF_000019665.1	Methylacidiphilum infernorum V4	481448	COG0258	296	1-296	296	0	most of protein + most of COG profile	209.0	5.56e-66	310	12-300	1.0000	0.9323	false	0.0000		keep
GCF_000020625.1|PAES_RS02465|WP_012505087.1	WP_012505087.1	PAES_RS02465	GCF_000020625.1	Prosthecochloris aestuarii DSM 271	290512	COG0258	950	1-340	340	1	most of COG profile + part of protein	234.0	5.97e-70	310	5-303	0.3579	0.9645	false	0.0000		keep
GCF_000020945.1|COPRO5265_RS03365|WP_012544116.1	WP_012544116.1	COPRO5265_RS03365	GCF_000020945.1	Coprothermobacter proteolyticus DSM 5265	309798	COG0258	370	1-276	276	1	most of COG profile + part of protein	174.0	1.19e-51	310	10-308	0.7459	0.9645	false	0.0000		keep
GCF_000020985.1|THEYE_RS07345|WP_012545544.1	WP_012545544.1	THEYE_RS07345	GCF_000020985.1	Thermodesulfovibrio yellowstonii DSM 11347	289376	COG0258	838	1-287	287	1	most of COG profile + part of protein	232.0	6.15e-70	310	10-297	0.3425	0.9290	false	0.0000		keep
GCF_000020965.1|DICTH_RS03485|WP_012547156.1	WP_012547156.1	DICTH_RS03485	GCF_000020965.1	Dictyoglomus thermophilum H-6-12	309799	COG0258	856	1-300	300	1	most of COG profile + part of protein	199.0	1.05e-57	310	3-304	0.3505	0.9742	false	0.0000		keep
GCF_000021685.1|TRD_RS03210|WP_012642091.1	WP_012642091.1	TRD_RS03210	GCF_000021685.1	Thermomicrobium roseum DSM 5159	309801	COG0258	917	1-304	304	1	most of COG profile + part of protein	274.0	6.07e-85	310	4-303	0.3315	0.9677	false	0.0000		keep
GCF_000010305.1|GAU_RS00055|WP_012681500.1	WP_012681500.1	GAU_RS00055	GCF_000010305.1	Gemmatimonas aurantiaca T-27	379066	COG0258	984	1-328	328	1	most of COG profile + part of protein	240.0	3.87e-72	310	10-298	0.3333	0.9323	false	0.0000		keep
GCF_000023325.1|KOLE_RS01155|WP_012744738.1	WP_012744738.1	KOLE_RS01155	GCF_000023325.1	Kosmotoga olearia TBF 19.5.1	521045	COG0258	896	1-299	299	1	most of COG profile + part of protein	233.0	8.57e-70	310	10-310	0.3337	0.9710	false	0.0000		keep
GCF_000024945.1|VPAR_RS03925|WP_012864251.1	WP_012864251.1	VPAR_RS03925	GCF_000024945.1	Veillonella parvula DSM 2008	479436	COG0258	873	1-296	296	1	most of COG profile + part of protein	260.0	3.95e-80	310	10-308	0.3391	0.9645	false	0.0000		keep
GCF_000025505.1|FERP_RS06520|WP_012965809.1	WP_012965809.1	FERP_RS06520	GCF_000025505.1	Ferroglobus placidus DSM 10642	589924	COG0258	336	1-336	336	0	most of protein + most of COG profile	177.0	5.56e-53	310	1-309	1.0000	0.9968	false	0.0000		keep
GCF_000025485.1|ALVIN_RS07355|WP_012970696.1	WP_012970696.1	ALVIN_RS07355	GCF_000025485.1	Allochromatium vinosum DSM 180	572477	COG0258	911	1-301	301	1	most of COG profile + part of protein	271.0	4.81e-84	310	7-300	0.3304	0.9484	false	0.0000		keep
GCF_000025645.1|THIT_RS04055|WP_012994894.1	WP_012994894.1	THIT_RS04055	GCF_000025645.1	Thermoanaerobacter italicus Ab9	580331	COG0258	872	1-292	292	1	most of COG profile + part of protein	269.0	1.37e-83	310	10-307	0.3349	0.9613	false	0.0000		keep
GCF_000010985.1|DEFDS_RS09930|WP_013008663.1	WP_013008663.1	DEFDS_RS09930	GCF_000010985.1	Deferribacter desulfuricans SSM1	639282	COG0258	789	1-283	283	1	most of COG profile + part of protein	186.0	4.9e-53	310	13-300	0.3587	0.9290	false	0.0000		keep
GCF_000091125.1|SJA_RS15695|WP_013041394.1	WP_013041394.1	SJA_RS15695	GCF_000091125.1	Sphingobium indicum UT26S	452662	COG0258	928	1-309	309	1	most of COG profile + part of protein	252.0	9.03e-77	310	11-294	0.3330	0.9161	false	0.0000		keep
GCF_000024465.1|SAR116_RS02000|WP_013045263.1	WP_013045263.1	SAR116_RS02000	GCF_000024465.1	Candidatus Puniceispirillum marinum IMCC1322	488538	COG0258	242	1-242	242	2	most of protein + part of COG profile	67.4	8.78e-13	310	47-248	1.0000	0.6516	false	0.0000	membership_class_2	review
GCF_000021865.1|RCAP_RS12280|WP_013068189.1	WP_013068189.1	RCAP_RS12280	GCF_000021865.1	Rhodobacter capsulatus SB 1003	272942	COG0258	950	1-317	317	1	most of COG profile + part of protein	269.0	5.65e-83	310	12-305	0.3337	0.9484	false	0.0000		keep
GCF_000092425.1|TRAD_RS11795|WP_013178840.1	WP_013178840.1	TRAD_RS11795	GCF_000092425.1	Truepera radiovictrix DSM 17093	649638	COG0258	867	1-346	346	1	most of COG profile + part of protein	240.0	1.19e-72	310	12-298	0.3991	0.9258	false	0.0000		keep
GCF_000143965.1|DEBA_RS13555|WP_013259515.1	WP_013259515.1	DEBA_RS13555	GCF_000143965.1	Desulfarculus baarsii DSM 2075	644282	COG0258	890	1-293	293	1	most of COG profile + part of protein	254.0	9.91e-78	310	7-299	0.3292	0.9452	false	0.0000		keep
GCF_000144915.1|ASAC_RS02085|WP_013266323.1	WP_013266323.1	ASAC_RS02085	GCF_000144915.1	Acidilobus saccharovorans 345-15	666510	COG0258	350	1-350	350	0	most of protein + most of COG profile	164.0	4.45e-48	310	1-309	1.0000	0.9968	false	0.0000		keep
GCF_000152825.2|PB2503_RS03875|WP_013299917.1	WP_013299917.1	PB2503_RS03875	GCF_000152825.2	Parvularcula bermudensis HTCC2503	314260	COG0258	940	1-323	323	1	most of COG profile + part of protein	269.0	3.91e-83	310	3-299	0.3436	0.9581	false	0.0000		keep
GCF_000147335.1|CYAN7822_RS03425|WP_013320847.1	WP_013320847.1	CYAN7822_RS03425	GCF_000147335.1	Gloeothece verrucosa PCC 7822	497965	COG0258	966	1-331	331	1	most of COG profile + part of protein	241.0	1.85e-72	310	13-303	0.3427	0.9387	false	0.0000		keep
GCF_000166415.1|HALSA_RS08930|WP_013406247.1	WP_013406247.1	HALSA_RS08930	GCF_000166415.1	Halanaerobium hydrogeniformans	656519	COG0258	880	1-303	303	1	most of COG profile + part of protein	253.0	2.51e-77	310	6-309	0.3443	0.9806	false	0.0000		keep
GCF_000166095.1|MFER_RS04910|WP_013414041.1	WP_013414041.1	MFER_RS04910	GCF_000166095.1	Methanothermus fervidus DSM 2088	523846	COG0258	327	1-327	327	0	most of protein + most of COG profile	167.0	1.55e-49	310	2-309	1.0000	0.9935	false	0.0000		keep
GCF_000177635.2|SELIN_RS08435|WP_013506244.1	WP_013506244.1	SELIN_RS08435	GCF_000177635.2	Desulfurispirillum indicum S5	653733	COG0258	881	1-292	292	1	most of COG profile + part of protein	253.0	2.65e-77	310	12-297	0.3314	0.9226	false	0.0000		keep
GCF_000199675.1|ANT_RS15130|WP_013561401.1	WP_013561401.1	ANT_RS15130	GCF_000199675.1	Anaerolinea thermophila UNI-1	926569	COG0258	938	1-315	315	1	most of COG profile + part of protein	262.0	2.41e-80	310	13-300	0.3358	0.9290	false	0.0000		keep
GCF_000191045.1|DESTER_RS01765|WP_013637959.1	WP_013637959.1	DESTER_RS01765	GCF_000191045.1	Desulfurobacterium thermolithotrophum DSM 11699	868864	COG0258	838	1-288	288	1	most of COG profile + part of protein	248.0	7.47e-76	310	8-300	0.3437	0.9452	false	0.0000		keep
GCF_000191585.1|METBO_RS10220|WP_013645638.1	WP_013645638.1	METBO_RS10220	GCF_000191585.1	Methanobacterium lacus	877455	COG0258	328	1-328	328	0	most of protein + most of COG profile	149.0	2.12e-42	310	1-309	1.0000	0.9968	false	0.0000		keep
GCF_000195085.1|SAR11G3_RS01425|WP_013694950.1	WP_013694950.1	SAR11G3_RS01425	GCF_000195085.1	Candidatus Pelagibacter sp. IMCC9063	1002672	COG0258	939	1-318	318	1	most of COG profile + part of protein	261.0	4.26e-80	310	5-299	0.3387	0.9516	false	0.0000		keep
GCF_000195295.1|DESAC_RS00860|WP_013705183.1	WP_013705183.1	DESAC_RS00860	GCF_000195295.1	Desulfobacca acetoxidans DSM 11109	880072	COG0258	896	1-304	304	1	most of COG profile + part of protein	258.0	2.84e-79	310	1-298	0.3393	0.9613	false	0.0000		keep
GCF_000195315.1|CORGL_RS06190|WP_013709055.1	WP_013709055.1	CORGL_RS06190	GCF_000195315.1	Coriobacterium glomerans PW2	700015	COG0258	942	1-349	349	1	most of COG profile + part of protein	256.0	3.07e-78	310	10-297	0.3705	0.9290	false	0.0000		keep
GCF_000212395.1|THENA_RS04540|WP_013756243.1	WP_013756243.1	THENA_RS04540	GCF_000212395.1	Thermodesulfobium narugense DSM 14796	747365	COG0258	296	1-296	296	0	most of protein + most of COG profile	223.0	2.38e-71	310	3-299	1.0000	0.9581	false	0.0000		keep
GCF_000270085.1|ERH_RS05135|WP_013853059.1	WP_013853059.1	ERH_RS05135	GCF_000270085.1	Erysipelothrix rhusiopathiae str. Fujisawa	650150	COG0258	833	1-289	289	1	most of COG profile + part of protein	238.0	5.93e-72	310	10-308	0.3469	0.9645	false	0.0000		keep
GCF_000179575.2|METOK_RS06295|WP_013867384.1	WP_013867384.1	METOK_RS06295	GCF_000179575.2	Methanothermococcus okinawensis IH1	647113	COG0258	324	1-324	324	0	most of protein + most of COG profile	156.0	5.4e-45	310	1-309	1.0000	0.9968	false	0.0000		keep
GCF_000217795.1|THEIN_RS08755|WP_013908316.1	WP_013908316.1	THEIN_RS08755	GCF_000217795.1	Thermodesulfatator indicus DSM 15286	667014	COG0258	903	1-304	304	1	most of COG profile + part of protein	257.0	8.22e-79	310	1-308	0.3367	0.9935	false	0.0000		keep
GCF_000253295.1|HYPMC_RS18085|WP_013949514.1	WP_013949514.1	HYPMC_RS18085	GCF_000253295.1	Hyphomicrobium sp. MC1	717785	COG0258	993	1-341	341	1	most of COG profile + part of protein	260.0	2.37e-79	310	3-307	0.3434	0.9839	false	0.0000		keep
GCF_000226295.1|CABTHER_RS10470|WP_014100612.1	WP_014100612.1	CABTHER_RS10470	GCF_000226295.1	Chloracidobacterium thermophilum B	981222	COG0258	890	1-304	304	1	most of COG profile + part of protein	235.0	1.27e-70	310	8-304	0.3416	0.9581	false	0.0000		keep
GCF_000253055.1|TTX_RS02240|WP_014126377.1	WP_014126377.1	TTX_RS02240	GCF_000253055.1	Thermoproteus tenax Kra 1	768679	COG0258	346	1-346	346	0	most of protein + most of COG profile	196.0	3.07e-60	310	1-309	1.0000	0.9968	false	0.0000		keep
GCF_000233775.1|TLIE_RS06205|WP_014163346.1	WP_014163346.1	TLIE_RS06205	GCF_000233775.1	Thermovirga lienii DSM 17291	580340	COG0258	849	1-299	299	1	most of COG profile + part of protein	238.0	7.75e-72	310	13-307	0.3522	0.9516	false	0.0000		keep
GCF_000284095.1|SELR_RS07700|WP_014424648.1	WP_014424648.1	SELR_RS07700	GCF_000284095.1	Selenomonas ruminantium subsp. lactilytica TAM6421	927704	COG0258	869	1-298	298	1	most of COG profile + part of protein	248.0	9e-76	310	12-307	0.3429	0.9548	false	0.0000		keep
GCF_000284335.1|CSE_RS04430|WP_014453444.1	WP_014453444.1	CSE_RS04430	GCF_000284335.1	Caldisericum exile AZM16c01	511051	COG0258	852	1-290	290	1	most of COG profile + part of protein	233.0	2.98e-70	310	10-298	0.3404	0.9323	false	0.0000		keep
GCF_000007005.1|SSO_RS00880|WP_014511501.1	WP_014511501.1	SSO_RS00880	GCF_000007005.1	Saccharolobus solfataricus P2	273057	COG0258	351	1-351	351	0	most of protein + most of COG profile	181.0	2.05e-54	310	1-309	1.0000	0.9968	false	0.0000		keep
GCF_000024665.1|FISUC_RS03935|WP_014545545.1	WP_014545545.1	FISUC_RS03935	GCF_000024665.1	Fibrobacter succinogenes subsp. succinogenes S85	59374	COG0258	972	1-318	318	1	most of COG profile + part of protein	231.0	3.95e-69	310	10-304	0.3272	0.9516	false	0.0000		keep
GCF_000258405.1|IALB_RS07590|WP_014560391.1	WP_014560391.1	IALB_RS07590	GCF_000258405.1	Ignavibacterium album JCM 16511	945713	COG0258	922	1-308	308	1	most of COG profile + part of protein	245.0	3.26e-74	310	8-300	0.3341	0.9452	false	0.0000		keep
GCF_000264455.2|TMO_RS16185|WP_014746726.1	WP_014746726.1	TMO_RS16185	GCF_000264455.2	Tistrella mobilis KA081020-065	1110502	COG0258	938	1-308	308	1	most of COG profile + part of protein	261.0	4.21e-80	310	8-305	0.3284	0.9613	false	0.0000		keep
GCF_000266945.1|DESTI_RS12835|WP_014810398.1	WP_014810398.1	DESTI_RS12835	GCF_000266945.1	Desulfomonile tiedjei DSM 6799	706587	COG0258	888	1-294	294	1	most of COG profile + part of protein	285.0	1.99e-89	310	6-301	0.3311	0.9548	false	0.0000		keep
GCF_000172635.2|MASE_RS00080|WP_014947723.1	WP_014947723.1	MASE_RS00080	GCF_000172635.2	Alteromonas macleodii ATCC 27126	529120	COG0258	930	1-314	314	1	most of COG profile + part of protein	260.0	7.82e-80	310	5-303	0.3376	0.9645	false	0.0000		keep
GCF_000317025.1|PLE7327_RS03740|WP_015142527.1	WP_015142527.1	PLE7327_RS03740	GCF_000317025.1	Pleurocapsa sp. PCC 7327	118163	COG0258	974	1-339	339	1	most of COG profile + part of protein	252.0	1.61e-76	310	7-302	0.3480	0.9548	false	0.0000		keep
GCF_000317125.1|CHRO_RS02435|WP_015152587.1	WP_015152587.1	CHRO_RS02435	GCF_000317125.1	Chroococcidiopsis thermalis PCC 7203	251229	COG0258	999	1-349	349	1	most of COG profile + part of protein	243.0	2.42e-73	310	9-310	0.3493	0.9742	false	0.0000		keep
GCF_000317145.1|CHA6605_RS16720|WP_015160588.1	WP_015160588.1	CHA6605_RS16720	GCF_000317145.1	Chamaesiphon minutus PCC 6605	1173020	COG0258	975	1-332	332	1	most of COG profile + part of protein	243.0	2e-73	310	7-303	0.3405	0.9581	false	0.0000		keep
GCF_000317065.1|PSE7367_RS09250|WP_015165101.1	WP_015165101.1	PSE7367_RS09250	GCF_000317065.1	Pseudanabaena sp. PCC 7367	82654	COG0258	972	1-328	328	1	most of COG profile + part of protein	226.0	6.3e-67	310	11-307	0.3374	0.9581	false	0.0000		keep
GCF_000317515.1|MIC7113_RS34810|WP_015183101.1	WP_015183101.1	MIC7113_RS34810	GCF_000317515.1	Allocoleopsis franciscana PCC 7113	1173027	COG0258	1095	1-330	330	1	most of COG profile + part of protein	228.0	2.46e-67	310	9-302	0.3014	0.9484	false	0.0000		keep
GCF_000146065.2|CLOAM_RS06440|WP_015425076.1	WP_015425076.1	CLOAM_RS06440	GCF_000146065.2	Candidatus Cloacimonas acidaminovorans str. Evry	459349	COG0258	918	1-307	307	1	most of COG profile + part of protein	245.0	3.21e-74	310	12-298	0.3344	0.9258	false	0.0000		keep
GCF_000392435.1|L336_RS03035|WP_015641749.1	WP_015641749.1	L336_RS03035	GCF_000392435.1	Candidatus Saccharimonas aalborgensis	1332188	COG0258	844	1-289	289	1	most of COG profile + part of protein	238.0	3.84e-72	310	11-305	0.3424	0.9516	false	0.0000		keep
GCF_000250635.1|SGRA_RS16100|WP_015693849.1	WP_015693849.1	SGRA_RS16100	GCF_000250635.1	Saprospira grandis str. Lewin	984262	COG0258	927	1-314	314	1	most of COG profile + part of protein	255.0	8.79e-78	310	11-305	0.3387	0.9516	false	0.0000		keep
GCF_000023905.1|LEBU_RS04055|WP_015769061.1	WP_015769061.1	LEBU_RS04055	GCF_000023905.1	Leptotrichia buccalis C-1013-b	523794	COG0258	1046	1-303	303	1	most of COG profile + part of protein	220.0	6.6e-65	310	10-303	0.2897	0.9484	false	0.0000		keep
GCF_000024085.1|KKOR_RS12520|WP_015781507.1	WP_015781507.1	KKOR_RS12520	GCF_000024085.1	Kangiella koreensis DSM 16069	523791	COG0258	915	1-306	306	1	most of COG profile + part of protein	280.0	3.6e-87	310	6-303	0.3344	0.9613	false	0.0000		keep
GCF_000023265.1|AFER_RS05535|WP_015798500.1	WP_015798500.1	AFER_RS05535	GCF_000023265.1	Acidimicrobium ferrooxidans DSM 10331	525909	COG0258	886	1-315	315	1	most of COG profile + part of protein	219.0	4.57e-65	310	23-307	0.3555	0.9194	false	0.0000		keep
GCF_000021725.1|NAMH_RS01845|WP_015902815.1	WP_015902815.1	NAMH_RS01845	GCF_000021725.1	Nautilia profundicola AmH	598659	COG0258	872	1-296	296	1	most of COG profile + part of protein	221.0	9.6e-66	310	12-299	0.3394	0.9290	false	0.0000		keep
GCF_000021945.1|CAGG_RS17845|WP_015942274.1	WP_015942274.1	CAGG_RS17845	GCF_000021945.1	Chloroflexus aggregans DSM 9485	326427	COG0258	936	1-318	318	1	most of COG profile + part of protein	258.0	3.52e-79	310	10-309	0.3397	0.9677	false	0.0000		keep
GCF_000021905.1|DALK_RS14175|WP_015947509.1	WP_015947509.1	DALK_RS14175	GCF_000021905.1	Desulfatibacillum aliphaticivorans	218208	COG0258	889	1-290	290	1	most of COG profile + part of protein	284.0	4.39e-89	310	10-309	0.3262	0.9677	false	0.0000		keep
GCF_002142475.1|LBWT_RS25120|WP_017286144.1	WP_017286144.1	LBWT_RS25120	GCF_002142475.1	Leptolyngbya boryana IAM M-101	411966	COG0258	965	1-331	331	1	most of COG profile + part of protein	248.0	3.56e-75	310	5-299	0.3430	0.9516	false	0.0000		keep
GCF_000446015.1|N186_RS02430|WP_020962188.1	WP_020962188.1	N186_RS02430	GCF_000446015.1	Thermofilum adornatum	1365176	COG0258	346	1-346	346	0	most of protein + most of COG profile	161.0	1.22e-46	310	1-309	1.0000	0.9968	false	0.0000		keep
GCF_000446015.1|N186_RS03045|WP_020962307.1	WP_020962307.1	N186_RS03045	GCF_000446015.1	Thermofilum adornatum	1365176	COG0258	340	1-340	340	0	most of protein + most of COG profile	150.0	5.98e-43	310	1-298	1.0000	0.9613	false	0.0000		keep
GCF_000513475.1|BABL1_RS05270|WP_023792614.1	WP_023792614.1	BABL1_RS05270	GCF_000513475.1	Candidatus Babela massiliensis	673862	COG0258	912	1-303	303	1	most of COG profile + part of protein	199.0	1.47e-57	310	7-301	0.3322	0.9516	false	0.0000		keep
GCF_000006905.1|CC_RS18075|WP_024265962.1	WP_024265962.1	CC_RS18075	GCF_000006905.1	Caulobacter vibrioides CB15	190650	COG0258	963	1-332	332	1	most of COG profile + part of protein	282.0	9.62e-88	310	12-310	0.3448	0.9645	false	0.0000		keep
GCF_000724625.1|OP10G_RS08420|WP_025226330.1	WP_025226330.1	OP10G_RS08420	GCF_000724625.1	Fimbriimonas ginsengisoli Gsoil 348	661478	COG0258	870	1-302	302	1	most of COG profile + part of protein	240.0	1.47e-72	310	10-306	0.3471	0.9581	false	0.0000		keep
GCF_000724625.1|OP10G_RS21180|WP_025228434.1	WP_025228434.1	OP10G_RS21180	GCF_000724625.1	Fimbriimonas ginsengisoli Gsoil 348	661478	COG0258	281	1-281	281	0	most of protein + most of COG profile	172.0	6.63e-52	310	9-300	1.0000	0.9419	false	0.0000		keep
GCF_000597865.1|EAL2_RS05670|WP_025435436.1	WP_025435436.1	EAL2_RS05670	GCF_000597865.1	Peptoclostridium acidaminophilum DSM 3953	1286171	COG0258	883	1-323	323	1	most of COG profile + part of protein	258.0	3.38e-79	310	10-300	0.3658	0.9387	false	0.0000		keep
GCF_003546465.1|DM41_RS34015|WP_027791074.1	WP_027791074.1	DM41_RS34015	GCF_003546465.1	Burkholderia cepacia ATCC 25416	983594	COG0258	917	1-309	309	1	most of COG profile + part of protein	264.0	2.22e-81	310	11-303	0.3370	0.9452	false	0.0000		keep
GCF_000008565.1|DR_RS08720|WP_034351289.1	WP_034351289.1	DR_RS08720	GCF_000008565.1	Deinococcus radiodurans R1 = ATCC 13939 = DSM 20539	243230	COG0258	921	1-302	302	1	most of COG profile + part of protein	239.0	6.56e-72	310	1-306	0.3279	0.9871	false	0.0000		keep
GCF_900637305.1|EL199_RS03530|WP_040354311.1	WP_040354311.1	EL199_RS03530	GCF_900637305.1	Cardiobacterium hominis	2718	COG0258	926	1-302	302	1	most of COG profile + part of protein	249.0	7.36e-76	310	13-300	0.3261	0.9290	false	0.0000		keep
GCF_000223215.1|BINT_RS04025|WP_041177238.1	WP_041177238.1	BINT_RS04025	GCF_000223215.1	Brachyspira intermedia PWS/A	1045858	COG0258	921	1-312	312	1	most of COG profile + part of protein	245.0	2.3e-74	310	10-307	0.3388	0.9613	false	0.0000		keep
GCF_000014185.1|RXYL_RS10170|WP_041328245.1	WP_041328245.1	RXYL_RS10170	GCF_000014185.1	Rubrobacter xylanophilus DSM 9941	266117	COG0258	832	1-316	316	1	most of COG profile + part of protein	256.0	7.05e-79	310	12-297	0.3798	0.9226	false	0.0000		keep
GCF_000019225.1|CJA_RS16765|WP_041551709.1	WP_041551709.1	CJA_RS16765	GCF_000019225.1	Cellvibrio japonicus Ueda107	498211	COG0258	918	1-312	312	1	most of COG profile + part of protein	284.0	8.03e-89	310	5-303	0.3399	0.9645	false	0.0000		keep
GCF_000829235.1|ETSB_RS06700|WP_044107054.1	WP_044107054.1	ETSB_RS06700	GCF_000829235.1	cyanobacterium endosymbiont of Epithemia turgida isolate EtSB Lake Yunoko	1228987	COG0258	974	1-333	333	1	most of COG profile + part of protein	233.0	1.54e-69	310	4-301	0.3419	0.9613	false	0.0000		keep
GCF_000281175.1|CLDAP_RS11210|WP_044276446.1	WP_044276446.1	CLDAP_RS11210	GCF_000281175.1	Caldilinea aerophila DSM 14535 = NBRC 104270	926550	COG0258	935	1-310	310	1	most of COG profile + part of protein	275.0	2.96e-85	310	10-310	0.3316	0.9710	false	0.0000		keep
GCF_000812185.1|T478_RS04075|WP_048105421.1	WP_048105421.1	T478_RS04075	GCF_000812185.1	Candidatus Nitrosopelagicus brevis	1410606	COG0258	340	1-340	340	0	most of protein + most of COG profile	140.0	4.16e-39	310	1-309	1.0000	0.9968	false	0.0000		keep
GCF_000800805.1|Mpt1_RS01905|WP_048111608.1	WP_048111608.1	Mpt1_RS01905	GCF_000800805.1	Candidatus Methanoplasma termitum	1577791	COG0258	342	1-342	342	0	most of protein + most of COG profile	158.0	9.45e-46	310	1-309	1.0000	0.9968	false	0.0000		keep
GCF_000204415.1|MCON_RS14380|WP_048132635.1	WP_048132635.1	MCON_RS14380	GCF_000204415.1	Methanothrix soehngenii GP6	990316	COG0258	336	1-336	336	0	most of protein + most of COG profile	169.0	3.98e-50	310	1-309	1.0000	0.9968	false	0.0000		keep
GCF_000955905.1|SU86_RS05715|WP_048188102.1	WP_048188102.1	SU86_RS05715	GCF_000955905.1	Candidatus Nitrosotenuis cloacae	1603555	COG0258	341	1-341	341	0	most of protein + most of COG profile	157.0	3.47e-45	310	1-295	1.0000	0.9516	false	0.0000		keep
GCF_000018105.1|AM1_RS09635|WP_049783717.1	WP_049783717.1	AM1_RS09635	GCF_000018105.1	Acaryochloris marina MBIC11017	329726	COG0258	983	1-348	348	1	most of COG profile + part of protein	254.0	3.22e-77	310	8-302	0.3540	0.9516	false	0.0000		keep
GCF_001027545.1|Epro_RS03450|WP_052570598.1	WP_052570598.1	Epro_RS03450	GCF_001027545.1	Endomicrobium proavitum	1408281	COG0258	907	1-301	301	1	most of COG profile + part of protein	248.0	2.74e-75	310	10-307	0.3319	0.9613	false	0.0000		keep
GCF_001017655.1|L21SP4_RS02955|WP_052881260.1	WP_052881260.1	L21SP4_RS02955	GCF_001017655.1	Kiritimatiella glycovorans	1307763	COG0258	923	1-313	313	1	most of COG profile + part of protein	265.0	1.35e-81	310	11-305	0.3391	0.9516	false	0.0000		keep
GCF_001278055.1|DSOUD_RS02840|WP_053549579.1	WP_053549579.1	DSOUD_RS02840	GCF_001278055.1	Desulfuromonas soudanensis	1603606	COG0258	890	1-293	293	1	most of COG profile + part of protein	285.0	2e-89	310	6-308	0.3292	0.9774	false	0.0000		keep
GCF_001305575.3|AL038_RS13415|WP_062153616.1	WP_062153616.1	AL038_RS13415	GCF_001305575.3	Beggiatoa leptomitoformis	288004	COG0258	898	1-296	296	1	most of COG profile + part of protein	284.0	6.65e-89	310	7-302	0.3296	0.9548	false	0.0000		keep
GCF_001577525.1|HS1_RS11955|WP_066065875.1	WP_066065875.1	HS1_RS11955	GCF_001577525.1	Candidatus Desulfofervidus auxilii	1621989	COG0258	890	1-291	291	1	most of COG profile + part of protein	253.0	2.72e-77	310	11-302	0.3270	0.9419	false	0.0000		keep
GCF_001579945.1|ACG33_RS00635|WP_066917897.1	WP_066917897.1	ACG33_RS00635	GCF_001579945.1	Steroidobacter denitrificans	465721	COG0258	292	1-292	292	0	most of protein + most of COG profile	203.0	1.03e-63	310	13-295	1.0000	0.9129	false	0.0000		keep
GCF_001579945.1|ACG33_RS14170|WP_066922147.1	WP_066922147.1	ACG33_RS14170	GCF_001579945.1	Steroidobacter denitrificans	465721	COG0258	928	1-310	310	1	most of COG profile + part of protein	275.0	1.75e-85	310	5-304	0.3341	0.9677	false	0.0000		keep
GCF_001544015.1|LIP_RS06905|WP_068136071.1	WP_068136071.1	LIP_RS06905	GCF_001544015.1	Limnochorda pilosa	1555112	COG0258	926	1-317	317	1	most of COG profile + part of protein	263.0	4.75e-81	310	13-298	0.3423	0.9226	false	0.0000		keep
GCF_001547735.1|AXH83_RS05105|WP_068549775.1	WP_068549775.1	AXH83_RS05105	GCF_001547735.1	Thermosulfidibacter takaii ABI70S6	1298851	COG0258	883	1-290	290	1	most of COG profile + part of protein	278.0	9.75e-87	310	8-310	0.3284	0.9774	false	0.0000		keep
GCF_001677435.1|BA177_RS00575|WP_068611789.1	WP_068611789.1	BA177_RS00575	GCF_001677435.1	Woeseia oceani	1548547	COG0258	294	1-294	294	0	most of protein + most of COG profile	209.0	5.47e-66	310	14-261	1.0000	0.8000	false	0.0000		keep
GCF_001677435.1|BA177_RS02115|WP_068612324.1	WP_068612324.1	BA177_RS02115	GCF_001677435.1	Woeseia oceani	1548547	COG0258	900	1-296	296	1	most of COG profile + part of protein	271.0	4.65e-84	310	11-307	0.3289	0.9581	false	0.0000		keep
GCF_001697225.1|PG2T_RS01975|WP_068802586.1	WP_068802586.1	PG2T_RS01975	GCF_001697225.1	Immundisolibacter cernigliae	1810504	COG0258	914	1-303	303	1	most of COG profile + part of protein	288.0	3.18e-90	310	7-300	0.3315	0.9484	false	0.0000		keep
GCF_001870225.1|GlitD10_RS03480|WP_071453672.1	WP_071453672.1	GlitD10_RS03480	GCF_001870225.1	Gloeomargarita lithophora Alchichica-D10	1188229	COG0258	939	1-313	313	1	most of COG profile + part of protein	251.0	1.28e-76	310	8-300	0.3333	0.9452	false	0.0000		keep
GCF_900120375.1|BQ7385_RS04250|WP_072514400.1	WP_072514400.1	BQ7385_RS04250	GCF_900120375.1	Ndongobacter massiliensis	1871025	COG0258	888	1-301	301	1	most of COG profile + part of protein	255.0	4.69e-78	310	12-307	0.3390	0.9548	false	0.0000		keep
GCF_002117005.1|STSP1_RS11670|WP_085756503.1	WP_085756503.1	STSP1_RS11670	GCF_002117005.1	Sedimentisphaera salicampi	1941349	COG0258	917	1-307	307	1	most of COG profile + part of protein	248.0	2.54e-75	310	11-298	0.3348	0.9290	false	0.0000		keep
GCF_002214165.1|Mia14_RS03830|WP_088820332.1	WP_088820332.1	Mia14_RS03830	GCF_002214165.1	Candidatus Mancarchaeum acidiphilum	1920749	COG0258	349	1-349	349	0	most of protein + most of COG profile	156.0	1.12e-44	310	4-308	1.0000	0.9839	false	0.0000		keep
GCF_900066015.1|CFX0092_RS06065|WP_095042666.1	WP_095042666.1	CFX0092_RS06065	GCF_900066015.1	Candidatus Promineifilum breve	1806508	COG0258	932	1-304	304	1	most of COG profile + part of protein	253.0	5.33e-77	310	12-304	0.3262	0.9452	false	0.0000		keep
GCF_002356355.1|CFK21_RS01765|WP_096364147.1	WP_096364147.1	CFK21_RS01765	GCF_002356355.1	Thiohalobacter thiocyanaticus	585455	COG0258	902	1-298	298	1	most of COG profile + part of protein	302.0	8.72e-96	310	7-304	0.3304	0.9613	false	0.0000		keep
GCF_002355975.1|LEN_RS06255|WP_096377099.1	WP_096377099.1	LEN_RS06255	GCF_002355975.1	Lysobacter enzymogenes	69	COG0258	313	1-313	313	0	most of protein + most of COG profile	199.0	4.94e-62	310	3-297	1.0000	0.9516	false	0.0000		keep
GCF_002355975.1|LEN_RS22560|WP_096381843.1	WP_096381843.1	LEN_RS22560	GCF_002355975.1	Lysobacter enzymogenes	69	COG0258	921	1-304	304	1	most of COG profile + part of protein	273.0	7.43e-85	310	10-303	0.3301	0.9484	false	0.0000		keep
GCF_900232105.1|KSMBR1_RS09995|WP_099325203.1	WP_099325203.1	KSMBR1_RS09995	GCF_900232105.1	Candidatus Kuenenia stuttgartiensis	174633	COG0258	887	1-292	292	1	most of COG profile + part of protein	239.0	3.29e-72	310	12-308	0.3292	0.9581	false	0.0000		keep
GCF_006385135.1|FIV45_RS00135|WP_099474009.1	WP_099474009.1	FIV45_RS00135	GCF_006385135.1	Paremcibacter congregatus	2043170	COG0258	930	1-310	310	1	most of COG profile + part of protein	270.0	1.64e-83	310	12-307	0.3333	0.9548	false	0.0000		keep
GCF_002754935.1|BRW62_RS03630|WP_099798316.1	WP_099798316.1	BRW62_RS03630	GCF_002754935.1	Thermostichus lividus PCC 6715	1917166	COG0258	947	1-318	318	1	most of COG profile + part of protein	221.0	2e-65	310	8-300	0.3358	0.9452	false	0.0000		keep
GCF_002795805.1|Ga0123461_RS08245|WP_100277896.1	WP_100277896.1	Ga0123461_RS08245	GCF_002795805.1	Mariprofundus aestuarium	1921086	COG0258	915	1-301	301	1	most of COG profile + part of protein	271.0	6.2e-84	310	10-301	0.3290	0.9419	false	0.0000		keep
GCF_002872415.1|C0V70_RS01400|WP_102242074.1	WP_102242074.1	C0V70_RS01400	GCF_002872415.1	Bacteriovorax stolpii	960	COG0258	886	1-306	306	1	most of COG profile + part of protein	237.0	2.01e-71	310	8-301	0.3454	0.9484	false	0.0000		keep
GCF_002906215.1|CRG89_RS06960|WP_103287556.1	WP_103287556.1	CRG89_RS06960	GCF_002906215.1	Candidatus Nitrosocaldus islandicus	2045011	COG0258	345	1-345	345	0	most of protein + most of COG profile	164.0	4.68e-48	310	1-309	1.0000	0.9968	false	0.0000		keep
GCF_011046555.1|G6N79_RS04080|WP_103905668.1	WP_103905668.1	G6N79_RS04080	GCF_011046555.1	Sphingobacterium lactis	797291	COG0258	936	1-316	316	1	most of COG profile + part of protein	246.0	2.06e-74	310	10-297	0.3376	0.9290	false	0.0000		keep
GCF_002952055.1|CAY53_RS11165|WP_104937160.1	WP_104937160.1	CAY53_RS11165	GCF_002952055.1	Desulfobulbus oralis	1986146	COG0258	892	1-291	291	1	most of COG profile + part of protein	255.0	3.05e-78	310	10-310	0.3262	0.9710	false	0.0000		keep
GCF_003177035.1|SALB1_RS04710|WP_109992804.1	WP_109992804.1	SALB1_RS04710	GCF_003177035.1	Salinisphaera sp. LB1	2183911	COG0258	292	1-292	292	0	most of protein + most of COG profile	201.0	4.04e-63	310	14-289	1.0000	0.8903	false	0.0000		keep
GCF_003177035.1|SALB1_RS06710|WP_109993164.1	WP_109993164.1	SALB1_RS06710	GCF_003177035.1	Salinisphaera sp. LB1	2183911	COG0258	901	1-297	297	1	most of COG profile + part of protein	262.0	1.1e-80	310	4-304	0.3296	0.9710	false	0.0000		keep
GCF_003184265.1|C4901_RS16970|WP_110138408.1	WP_110138408.1	C4901_RS16970	GCF_003184265.1	Acidiferrobacter sp. SPIII_3	1281578	COG0258	886	1-296	296	1	most of COG profile + part of protein	270.0	7.98e-84	310	3-303	0.3341	0.9710	false	0.0000		keep
GCF_001618865.1|LuPra_RS02470|WP_110169293.1	WP_110169293.1	LuPra_RS02470	GCF_001618865.1	Luteitalea pratensis	1855912	COG0258	893	1-294	294	1	most of COG profile + part of protein	251.0	9.74e-77	310	7-302	0.3292	0.9548	false	0.0000		keep
GCF_001618865.1|LuPra_RS10160|WP_110170640.1	WP_110170640.1	LuPra_RS10160	GCF_001618865.1	Luteitalea pratensis	1855912	COG0258	289	1-289	289	0	most of protein + most of COG profile	136.0	8.14e-38	310	15-286	1.0000	0.8774	false	0.0000		keep
GCF_003258315.1|DN745_RS17815|WP_111337031.1	WP_111337031.1	DN745_RS17815	GCF_003258315.1	Bradymonas sediminis	1548548	COG0258	940	1-317	317	1	most of COG profile + part of protein	246.0	1.96e-74	310	7-303	0.3372	0.9581	false	0.0000		keep
GCF_003344865.1|DVS28_RS02450|WP_114590041.1	WP_114590041.1	DVS28_RS02450	GCF_003344865.1	Euzebya pacifica	1608957	COG0258	357	1-357	357	1	most of COG profile + part of protein	156.0	8.08e-45	310	11-265	1.0000	0.8226	false	0.0000		keep
GCF_003344865.1|DVS28_RS11705|WP_114591610.1	WP_114591610.1	DVS28_RS11705	GCF_003344865.1	Euzebya pacifica	1608957	COG0258	922	1-308	308	1	most of COG profile + part of protein	234.0	2.69e-70	310	6-300	0.3341	0.9516	false	0.0000		keep
GCF_003344865.1|DVS28_RS13600|WP_114591929.1	WP_114591929.1	DVS28_RS13600	GCF_003344865.1	Euzebya pacifica	1608957	COG0258	301	1-301	301	0	most of protein + most of COG profile	120.0	5.99e-32	310	15-307	1.0000	0.9452	false	0.0000		keep
GCF_003344865.1|DVS28_RS14770|WP_114592138.1	WP_114592138.1	DVS28_RS14770	GCF_003344865.1	Euzebya pacifica	1608957	COG0258	285	1-285	285	0	most of protein + most of COG profile	183.0	5.24e-56	310	10-260	1.0000	0.8097	false	0.0000		keep
GCF_003353065.1|CYPRO_RS12310|WP_114984898.1	WP_114984898.1	CYPRO_RS12310	GCF_003353065.1	Cyclonatronum proteinivorum	1457365	COG0258	946	1-322	322	1	most of COG profile + part of protein	253.0	3.95e-77	310	6-306	0.3404	0.9710	false	0.0000		keep
GCF_003574135.1|RGRSB_RS07635|WP_119260525.1	WP_119260525.1	RGRSB_RS07635	GCF_003574135.1	cyanobacterium endosymbiont of Rhopalodia gibberula	1763363	COG0258	974	1-334	334	1	most of COG profile + part of protein	245.0	5.29e-74	310	4-302	0.3429	0.9645	false	0.0000		keep
GCF_003574215.1|HPTL_RS10150|WP_119335872.1	WP_119335872.1	HPTL_RS10150	GCF_003574215.1	Hydrogenophilus thermoluteolus	297	COG0258	972	1-292	292	1	most of COG profile + part of protein	270.0	2.9e-83	310	10-305	0.3004	0.9548	false	0.0000		keep
GCF_900465355.1|BARAN1_RS03860|WP_122031047.1	WP_122031047.1	BARAN1_RS03860	GCF_900465355.1	Candidatus Bipolaricaulis anaerobius	2026885	COG0258	904	1-307	307	1	most of COG profile + part of protein	244.0	8.19e-74	310	12-306	0.3396	0.9516	false	0.0000		keep
GCF_004001245.1|EP379_RS15870|WP_127478700.1	WP_127478700.1	EP379_RS15870	GCF_004001245.1	Sulfurivermis fontis	1972068	COG0258	907	1-300	300	1	most of COG profile + part of protein	292.0	5.04e-92	310	5-302	0.3308	0.9613	false	0.0000		keep
GCF_004102945.1|BU251_RS01265|WP_128699097.1	WP_128699097.1	BU251_RS01265	GCF_004102945.1	Candidatus Velamenicoccus archaeovorus	1930593	COG0258	858	1-293	293	1	most of COG profile + part of protein	240.0	8.41e-73	310	12-308	0.3415	0.9581	false	0.0000		keep
GCF_004208415.1|EPA93_RS40670|WP_129893019.1	WP_129893019.1	EPA93_RS40670	GCF_004208415.1	Ktedonosporobacter rubrisoli	2509675	COG0258	1032	1-303	303	1	most of COG profile + part of protein	261.0	7.98e-80	310	4-302	0.2936	0.9645	false	0.0000		keep
GCF_004347775.1|EPD17_RS02060|WP_132051341.1	WP_132051341.1	EPD17_RS02060	GCF_004347775.1	Pseudocnuella soli	2502779	COG0258	937	1-317	317	1	most of COG profile + part of protein	238.0	8.28e-72	310	10-304	0.3383	0.9516	false	0.0000		keep
GCF_005144635.2|E8A73_RS41800|WP_136924676.1	WP_136924676.1	E8A73_RS41800	GCF_005144635.2	Polyangium aurulentum	2567896	COG0258	300	1-300	300	0	most of protein + most of COG profile	160.0	4.63e-47	310	10-297	1.0000	0.9290	false	0.0000		keep
GCF_005144635.2|E8A73_RS12735|WP_136925453.1	WP_136925453.1	E8A73_RS12735	GCF_005144635.2	Polyangium aurulentum	2567896	COG0258	297	1-297	297	0	most of protein + most of COG profile	213.0	1.77e-67	310	11-302	1.0000	0.9419	false	0.0000		keep
GCF_005144635.2|E8A73_RS11605|WP_136925544.1	WP_136925544.1	E8A73_RS11605	GCF_005144635.2	Polyangium aurulentum	2567896	COG0258	898	1-304	304	1	most of COG profile + part of protein	241.0	5.51e-73	310	13-295	0.3385	0.9129	false	0.0000		keep
GCF_000024845.1|RMAR_RS06730|WP_144295436.1	WP_144295436.1	RMAR_RS06730	GCF_000024845.1	Rhodothermus marinus DSM 4252	518766	COG0258	945	1-335	335	1	most of COG profile + part of protein	266.0	7.11e-82	310	10-300	0.3545	0.9387	false	0.0000		keep
GCF_008000775.1|DSAG12_RS07565|WP_147662602.1	WP_147662602.1	DSAG12_RS07565	GCF_008000775.1	Candidatus Prometheoarchaeum syntrophicum	2594042	COG0258	349	1-349	349	0	most of protein + most of COG profile	142.0	9.5e-40	310	4-309	1.0000	0.9871	false	0.0000		keep
GCF_008000775.1|DSAG12_RS10630|WP_147663198.1	WP_147663198.1	DSAG12_RS10630	GCF_008000775.1	Candidatus Prometheoarchaeum syntrophicum	2594042	COG0258	419	1-349	349	1	most of COG profile + part of protein	112.0	4.23e-28	310	4-296	0.8329	0.9452	false	0.0000		keep
GCF_008000775.1|DSAG12_RS17760|WP_147664639.1	WP_147664639.1	DSAG12_RS17760	GCF_008000775.1	Candidatus Prometheoarchaeum syntrophicum	2594042	COG0258	419	1-349	349	1	most of COG profile + part of protein	112.0	5.72e-28	310	3-295	0.8329	0.9452	false	0.0000		keep
GCF_000024465.1|SAR116_RS06465|WP_148212385.1	WP_148212385.1	SAR116_RS06465	GCF_000024465.1	Candidatus Puniceispirillum marinum IMCC1322	488538	COG0258	975	1-323	323	1	most of COG profile + part of protein	263.0	1.87e-80	310	5-304	0.3313	0.9677	false	0.0000		keep
GCF_001318295.1|AMD24_RS00795|WP_148565159.1	WP_148565159.1	AMD24_RS00795	GCF_001318295.1	Candidatus Xiphinematobacter sp. Idaho Grape	1704307	COG0258	310	1-310	310	0	most of protein + most of COG profile	197.0	3.33e-61	310	12-307	1.0000	0.9548	false	0.0000		keep
GCF_000258425.1|FFONT_RS01785|WP_148683509.1	WP_148683509.1	FFONT_RS01785	GCF_000258425.1	Fervidicoccus fontis Kam940	1163730	COG0258	347	1-347	347	0	most of protein + most of COG profile	157.0	1.86e-45	310	1-304	1.0000	0.9806	false	0.0000		keep
GCF_960610765.1|Q5948_RS02245|WP_148972126.1	WP_148972126.1	Q5948_RS02245	GCF_960610765.1	Candidatus Nesciobacter abundans	2601668	COG0258	276	1-276	276	0	most of protein + most of COG profile	201.0	5.36e-63	310	13-292	1.0000	0.9032	false	0.0000		keep
GCF_009617975.1|LC1Nh_RS04845|WP_153550582.1	WP_153550582.1	LC1Nh_RS04845	GCF_009617975.1	Candidatus Nanohalobium constans	2565781	COG0258	340	1-340	340	0	most of protein + most of COG profile	147.0	1.87e-41	310	1-309	1.0000	0.9968	false	0.0000		keep
GCF_008838325.1|Tbon_RS12000|WP_158067921.1	WP_158067921.1	Tbon_RS12000	GCF_008838325.1	Tepidiforma bonchosmolovskayae	2601677	COG0258	339	1-225	225	3	partial protein + partial COG profile	92.4	4.04e-21	310	13-207	0.6637	0.6290	false	0.0000	membership_class_3	review
GCF_009936215.1|ATHSA_RS09035|WP_161848767.1	WP_161848767.1	ATHSA_RS09035	GCF_009936215.1	Athalassotoga saccharophila	1441386	COG0258	876	1-293	293	1	most of COG profile + part of protein	221.0	1.45e-65	310	12-298	0.3345	0.9258	false	0.0000		keep
GCF_010092425.1|GT972_RS10750|WP_162078597.1	WP_162078597.1	GT972_RS10750	GCF_010092425.1	Sinimarinibacterium sp. NLF-5-8	2698684	COG0258	916	1-301	301	1	most of COG profile + part of protein	286.0	8.92e-90	310	5-307	0.3286	0.9774	false	0.0000		keep
GCF_010093065.1|GWR21_RS19195|WP_162333309.1	WP_162333309.1	GWR21_RS19195	GCF_010093065.1	Chitinophaga agri	2703787	COG0258	940	1-319	319	1	most of COG profile + part of protein	246.0	2.06e-74	310	11-297	0.3394	0.9258	false	0.0000		keep
GCF_003344865.1|DVS28_RS27390|WP_164711190.1	WP_164711190.1	DVS28_RS27390	GCF_003344865.1	Euzebya pacifica	1608957	COG0258	313	1-313	313	0	most of protein + most of COG profile	154.0	2.43e-44	310	14-290	1.0000	0.8935	false	0.0000		keep
GCF_000196115.1|RB_RS26635|WP_164922564.1	WP_164922564.1	RB_RS26635	GCF_000196115.1	Rhodopirellula baltica SH 1	243090	COG0258	1071	162-465	304	1	most of COG profile + part of protein	231.0	1.29e-68	310	11-305	0.2838	0.9516	false	0.0000		keep
GCF_026409565.1|OIR97_RS18010|WP_169543584.1	WP_169543584.1	OIR97_RS18010	GCF_026409565.1	Sneathiella aquimaris	2599305	COG0258	958	1-323	323	1	most of COG profile + part of protein	253.0	3.36e-77	310	8-300	0.3372	0.9452	false	0.0000		keep
GCF_009002475.1|UABAM_RS09520|WP_173013227.1	WP_173013227.1	UABAM_RS09520	GCF_009002475.1	Candidatus Uabimicrobium amorphum	2596890	COG0258	887	1-290	290	1	most of COG profile + part of protein	243.0	1.29e-73	310	6-298	0.3269	0.9452	false	0.0000		keep
GCF_013340765.1|NAS2_RS01310|WP_174447973.1	WP_174447973.1	NAS2_RS01310	GCF_013340765.1	Conexivisphaera calida	1874277	COG0258	342	1-342	342	0	most of protein + most of COG profile	172.0	2.42e-51	310	1-309	1.0000	0.9968	false	0.0000		keep
GCF_013376475.1|GD604_RS17130|WP_176632606.1	WP_176632606.1	GD604_RS17130	GCF_013376475.1	Desulfolutivibrio sulfoxidireducens	2773299	COG0258	891	1-310	310	1	most of COG profile + part of protein	215.0	1.65e-63	310	12-305	0.3479	0.9484	false	0.0000		keep
GCF_008838325.1|Tbon_RS11145|WP_192497937.1	WP_192497937.1	Tbon_RS11145	GCF_008838325.1	Tepidiforma bonchosmolovskayae	2601677	COG0258	910	1-310	310	1	most of COG profile + part of protein	250.0	2.45e-76	310	10-301	0.3407	0.9419	false	0.0000		keep
GCF_015240255.1|ICL80_RS01025|WP_194214289.1	WP_194214289.1	ICL80_RS01025	GCF_015240255.1	Kordiimonas pumila	2161677	COG0258	927	1-310	310	1	most of COG profile + part of protein	253.0	4.73e-77	310	4-294	0.3344	0.9387	false	0.0000		keep
GCF_015500095.1|G4Y79_RS18990|WP_195169826.1	WP_195169826.1	G4Y79_RS18990	GCF_015500095.1	Phototrophicus methaneseepsis	2710758	COG0258	913	1-299	299	1	most of COG profile + part of protein	257.0	7.53e-79	310	7-302	0.3275	0.9548	false	0.0000		keep
GCF_001278055.1|DSOUD_RS06955|WP_198300379.1	WP_198300379.1	DSOUD_RS06955	GCF_001278055.1	Desulfuromonas soudanensis	1603606	COG0258	486	1-299	299	1	most of COG profile + part of protein	249.0	1.71e-79	310	5-293	0.6152	0.9323	false	0.0000		keep
GCF_016592575.1|TTHT_RS07510|WP_201327355.1	WP_201327355.1	TTHT_RS07510	GCF_016592575.1	Thermotomaculum hydrothermale	981385	COG0258	883	1-287	287	1	most of COG profile + part of protein	252.0	6.22e-77	310	10-298	0.3250	0.9323	false	0.0000		keep
GCF_016592595.1|CVPH_RS08635|WP_201341331.1	WP_201341331.1	CVPH_RS08635	GCF_016592595.1	Abyssogena phaseoliformis symbiont OG214	1235283	COG0258	909	1-300	300	1	most of COG profile + part of protein	241.0	1.18e-72	310	12-300	0.3300	0.9323	false	0.0000		keep
GCF_000807275.1|FPB0191_RS00005|WP_202965350.1	WP_202965350.1	FPB0191_RS00005	GCF_000807275.1	Frischella perrara	1267021	COG0258	923	1-311	311	1	most of COG profile + part of protein	279.0	8.66e-87	310	7-301	0.3369	0.9516	false	0.0000		keep
GCF_016806735.1|Micr_RS01375|WP_203134877.1	WP_203134877.1	Micr_RS01375	GCF_016806735.1	Candidatus Micrarchaeum sp.	2282148	COG0258	349	1-349	349	0	most of protein + most of COG profile	140.0	4.73e-39	310	1-309	1.0000	0.9968	false	0.0000		keep
GCF_015775515.1|RT761_RS12265|WP_218111708.1	WP_218111708.1	RT761_RS12265	GCF_015775515.1	Atribacter laminatus	2847778	COG0258	305	1-305	305	0	most of protein + most of COG profile	218.0	2.08e-69	310	6-303	1.0000	0.9613	false	0.0000		keep
GCF_000317045.1|GEI7407_RS00755|WP_223294460.1	WP_223294460.1	GEI7407_RS00755	GCF_000317045.1	Geitlerinema sp. PCC 7407	1173025	COG0258	974	1-338	338	1	most of COG profile + part of protein	244.0	1.7e-73	310	3-300	0.3470	0.9613	false	0.0000		keep
GCF_000698785.1|NVIE_RS01405|WP_227717427.1	WP_227717427.1	NVIE_RS01405	GCF_000698785.1	Nitrososphaera viennensis EN76	926571	COG0258	346	1-346	346	0	most of protein + most of COG profile	131.0	2.29e-35	310	3-309	1.0000	0.9903	false	0.0000		keep
GCF_020885915.1|LPC15_RS01930|WP_229235026.1	WP_229235026.1	LPC15_RS01930	GCF_020885915.1	Candidatus Methanoliparum sp. LAM-1	2874846	COG0258	338	1-338	338	0	most of protein + most of COG profile	154.0	4.38e-44	310	1-309	1.0000	0.9968	false	0.0000		keep
GCF_005144635.2|E8A73_RS38285|WP_235880450.1	WP_235880450.1	E8A73_RS38285	GCF_005144635.2	Polyangium aurulentum	2567896	COG0258	754	458-754	297	1	most of COG profile + part of protein	149.0	5.17e-40	310	11-262	0.3939	0.8129	false	0.0000		keep
GCF_000008265.1|PTO_RS01180|WP_237698761.1	WP_237698761.1	PTO_RS01180	GCF_000008265.1	Picrophilus oshimae DSM 9789	1122961	COG0258	342	1-342	342	0	most of protein + most of COG profile	166.0	1.32e-48	310	1-309	1.0000	0.9968	false	0.0000		keep
GCF_022026155.1|LGS26_RS06430|WP_237888061.1	WP_237888061.1	LGS26_RS06430	GCF_022026155.1	Dissulfurimicrobium hydrothermale	1750598	COG0258	912	1-309	309	1	most of COG profile + part of protein	258.0	4.54e-79	310	8-300	0.3388	0.9452	false	0.0000		keep
GCF_000015025.1|ACEL_RS06200|WP_238378013.1	WP_238378013.1	ACEL_RS06200	GCF_000015025.1	Acidothermus cellulolyticus 11B	351607	COG0258	349	1-349	349	0	most of protein + most of COG profile	165.0	2.02e-48	310	1-307	1.0000	0.9903	false	0.0000		keep
GCF_020149915.1|LA303_RS01015|WP_240526083.1	WP_240526083.1	LA303_RS01015	GCF_020149915.1	Candidatus Sulfidibacterium hydrothermale	2875962	COG0258	919	1-311	311	1	most of COG profile + part of protein	263.0	9.39e-81	310	7-297	0.3384	0.9387	false	0.0000		keep
GCF_022558445.1|HUE98_RS05510|WP_241422858.1	WP_241422858.1	HUE98_RS05510	GCF_022558445.1	Candidatus Contubernalis alkalaceticus	338645	COG0258	906	1-303	303	1	most of COG profile + part of protein	257.0	7.17e-79	310	7-307	0.3344	0.9710	false	0.0000		keep
GCF_023169545.1|MJ2HA_RS03410|WP_258393144.1	WP_258393144.1	MJ2HA_RS03410	GCF_023169545.1	Nanobdella aerobiophila	2586965	COG0258	348	1-348	348	0	most of protein + most of COG profile	144.0	2.05e-40	310	1-309	1.0000	0.9968	false	0.0000		keep
GCF_024172705.1|MMH89_RS04695|WP_258568295.1	WP_258568295.1	MMH89_RS04695	GCF_024172705.1	Candidatus Comchoanobacter bicostacola	2919598	COG0258	836	1-276	276	1	most of COG profile + part of protein	256.0	1.1e-78	310	7-306	0.3301	0.9677	false	0.0000		keep
GCF_030520105.1|Q2T83_RS16950|WP_259093755.1	WP_259093755.1	Q2T83_RS16950	GCF_030520105.1	Candidatus Fervidibacter sacchari	1448929	COG0258	905	1-297	297	1	most of COG profile + part of protein	262.0	1.45e-80	310	10-298	0.3282	0.9323	false	0.0000		keep
GCF_026802175.1|OXH18_RS15340|WP_268607975.1	WP_268607975.1	OXH18_RS15340	GCF_026802175.1	Thermocoleostomius sinensis A174	2016057	COG0258	995	1-334	334	1	most of COG profile + part of protein	246.0	2.71e-74	310	4-302	0.3357	0.9645	false	0.0000		keep
GCF_023525255.1|KDW03_RS07505|WP_271434462.1	WP_271434462.1	KDW03_RS07505	GCF_023525255.1	Thermospira aquatica	2828656	COG0258	896	1-296	296	1	most of COG profile + part of protein	232.0	1.27e-69	310	11-309	0.3304	0.9645	false	0.0000		keep
GCF_013181415.1|HO274_RS06350|WP_273122222.1	WP_273122222.1	HO274_RS06350	GCF_013181415.1	Ferrovum myxofaciens	416213	COG0258	906	1-301	301	1	most of COG profile + part of protein	270.0	9.16e-84	310	5-295	0.3322	0.9387	false	0.0000		keep
GCF_028728065.1|PQO03_RS08005|WP_274149373.1	WP_274149373.1	PQO03_RS08005	GCF_028728065.1	Lentisphaera profundi	1658616	COG0258	1036	1-298	298	1	most of COG profile + part of protein	247.0	1.27e-74	310	7-307	0.2876	0.9710	false	0.0000		keep
GCF_029537395.1|P3962_RS02675|WP_277720760.1	WP_277720760.1	P3962_RS02675	GCF_029537395.1	Tissierella sp. Yu-01	3035694	COG0258	890	1-299	299	1	most of COG profile + part of protein	246.0	1.1e-74	310	12-303	0.3360	0.9419	false	0.0000		keep
GCF_029633915.1|L1994_RS08015|WP_278098924.1	WP_278098924.1	L1994_RS08015	GCF_029633915.1	Methanomicrobium antiquum	487686	COG0258	333	1-333	333	0	most of protein + most of COG profile	142.0	5.73e-40	310	15-309	1.0000	0.9516	false	0.0000		keep
GCF_029854155.1|QEN48_RS04760|WP_280107757.1	WP_280107757.1	QEN48_RS04760	GCF_029854155.1	Methanonatronarchaeum sp. AMET-Sl	3037654	COG0258	339	1-339	339	0	most of protein + most of COG profile	181.0	2.03e-54	310	1-309	1.0000	0.9968	false	0.0000		keep
GCF_029873255.1|QEJ31_RS00935|WP_280591909.1	WP_280591909.1	QEJ31_RS00935	GCF_029873255.1	Pigmentibacter sp. JX0631	2976982	COG0258	953	1-317	317	1	most of COG profile + part of protein	228.0	7.92e-68	310	6-307	0.3326	0.9742	false	0.0000		keep
GCF_029909415.1|QGV55_RS05380|WP_281017872.1	WP_281017872.1	QGV55_RS05380	GCF_029909415.1	Minwuia sp. IMCC3009	3040674	COG0258	930	1-311	311	1	most of COG profile + part of protein	266.0	3.53e-82	310	13-299	0.3344	0.9258	false	0.0000		keep
GCF_946900835.1|QML71_RS08815|WP_282011555.1	WP_282011555.1	QML71_RS08815	GCF_946900835.1	Nitrospina watsonii	1323948	COG0258	899	1-299	299	1	most of COG profile + part of protein	277.0	2.49e-86	310	7-304	0.3326	0.9613	false	0.0000		keep
GCF_018771565.1|KNN16_RS08355|WP_303896334.1	WP_303896334.1	KNN16_RS08355	GCF_018771565.1	Thermoflexus hugenholtzii	1495650	COG0258	942	1-316	316	1	most of COG profile + part of protein	271.0	5.26e-84	310	13-307	0.3355	0.9516	false	0.0000		keep
GCF_032813545.1|RRF56_RS20720|WP_317035055.1	WP_317035055.1	RRF56_RS20720	GCF_032813545.1	Nodosilinea sp. E11	3037479	COG0258	980	1-335	335	1	most of COG profile + part of protein	246.0	2.11e-74	310	3-300	0.3418	0.9613	false	0.0000		keep
