chain	queries	query_count	best_query	identity_percentage	alignment_length	query_start	query_end	subject_start	subject_end	e_value	bit_score	positives_percentage
B1L6R9.1	GCA_000008085.1|NEQ088|AAR38943.1,GCA_025839675.1|NEF87_004011|UYP47726.1,GCF_000006805.1|VNG_RS05300|WP_010902986.1,GCF_000007005.1|SSO_RS00880|WP_014511501.1,GCF_000019605.1|KCR_RS07330|WP_012310045.1	5	GCF_000019605.1|KCR_RS07330|WP_012310045.1	100	342	1	342	1	342	0	692	100
Q980U8.2	GCA_000008085.1|NEQ088|AAR38943.1,GCA_025839675.1|NEF87_004011|UYP47726.1,GCF_000006805.1|VNG_RS05300|WP_010902986.1,GCF_000007005.1|SSO_RS00880|WP_014511501.1,GCF_000019605.1|KCR_RS07330|WP_012310045.1	5	GCF_000007005.1|SSO_RS00880|WP_014511501.1	99.713	349	3	351	1	349	0	691	100
P61942.1	GCA_000008085.1|NEQ088|AAR38943.1,GCA_025839675.1|NEF87_004011|UYP47726.1,GCF_000006805.1|VNG_RS05300|WP_010902986.1,GCF_000007005.1|SSO_RS00880|WP_014511501.1,GCF_000019605.1|KCR_RS07330|WP_012310045.1	5	GCA_000008085.1|NEQ088|AAR38943.1	100	339	1	339	1	339	0	679	100
B0R5F5.1	GCA_000008085.1|NEQ088|AAR38943.1,GCA_025839675.1|NEF87_004011|UYP47726.1,GCF_000006805.1|VNG_RS05300|WP_010902986.1,GCF_000007005.1|SSO_RS00880|WP_014511501.1,GCF_000019605.1|KCR_RS07330|WP_012310045.1	5	GCF_000006805.1|VNG_RS05300|WP_010902986.1	100	327	1	327	1	327	0	653	100
Q976H6.2	GCA_000008085.1|NEQ088|AAR38943.1,GCA_025839675.1|NEF87_004011|UYP47726.1,GCF_000006805.1|VNG_RS05300|WP_010902986.1,GCF_000007005.1|SSO_RS00880|WP_014511501.1,GCF_000019605.1|KCR_RS07330|WP_012310045.1	5	GCF_000007005.1|SSO_RS00880|WP_014511501.1	74.359	351	3	351	1	351	0	520	90.03
Q4JAN1.2	GCA_000008085.1|NEQ088|AAR38943.1,GCA_025839675.1|NEF87_004011|UYP47726.1,GCF_000006805.1|VNG_RS05300|WP_010902986.1,GCF_000007005.1|SSO_RS00880|WP_014511501.1,GCF_000019605.1|KCR_RS07330|WP_012310045.1	5	GCF_000007005.1|SSO_RS00880|WP_014511501.1	71.92	349	3	351	1	349	5.54e-175	492	86.82
Q5V5T7.1	GCA_000008085.1|NEQ088|AAR38943.1,GCA_025839675.1|NEF87_004011|UYP47726.1,GCF_000006805.1|VNG_RS05300|WP_010902986.1,GCF_000007005.1|SSO_RS00880|WP_014511501.1,GCF_000019605.1|KCR_RS07330|WP_012310045.1	5	GCF_000006805.1|VNG_RS05300|WP_010902986.1	68.098	326	1	326	1	325	7.58e-160	452	79.75
Q9V0P9.1	GCA_000008085.1|NEQ088|AAR38943.1,GCA_025839675.1|NEF87_004011|UYP47726.1,GCF_000006805.1|VNG_RS05300|WP_010902986.1,GCF_000007005.1|SSO_RS00880|WP_014511501.1,GCF_000019605.1|KCR_RS07330|WP_012310045.1	5	GCF_000019605.1|KCR_RS07330|WP_012310045.1	61.404	342	1	342	1	338	8.58e-146	417	77.19
Q18HK0.1	GCA_000008085.1|NEQ088|AAR38943.1,GCA_025839675.1|NEF87_004011|UYP47726.1,GCF_000006805.1|VNG_RS05300|WP_010902986.1,GCF_000007005.1|SSO_RS00880|WP_014511501.1,GCF_000019605.1|KCR_RS07330|WP_012310045.1	5	GCF_000006805.1|VNG_RS05300|WP_010902986.1	63.497	326	1	326	1	325	1.13e-145	416	74.54
O50123.1	GCA_000008085.1|NEQ088|AAR38943.1,GCA_025839675.1|NEF87_004011|UYP47726.1,GCF_000006805.1|VNG_RS05300|WP_010902986.1,GCF_000007005.1|SSO_RS00880|WP_014511501.1,GCF_000019605.1|KCR_RS07330|WP_012310045.1	5	GCF_000019605.1|KCR_RS07330|WP_012310045.1	61.404	342	1	342	1	338	2.58e-143	411	76.9
Q3IPG8.1	GCA_000008085.1|NEQ088|AAR38943.1,GCA_025839675.1|NEF87_004011|UYP47726.1,GCF_000006805.1|VNG_RS05300|WP_010902986.1,GCF_000007005.1|SSO_RS00880|WP_014511501.1,GCF_000019605.1|KCR_RS07330|WP_012310045.1	5	GCF_000006805.1|VNG_RS05300|WP_010902986.1	66.869	329	1	327	1	328	1.07e-142	409	77.81
C6A1U9.1	GCA_000008085.1|NEQ088|AAR38943.1,GCA_025839675.1|NEF87_004011|UYP47726.1,GCF_000006805.1|VNG_RS05300|WP_010902986.1,GCF_000007005.1|SSO_RS00880|WP_014511501.1,GCF_000019605.1|KCR_RS07330|WP_012310045.1	5	GCF_000019605.1|KCR_RS07330|WP_012310045.1	58.187	342	1	342	1	338	6.39e-137	395	74.85
O93634.1	GCA_000008085.1|NEQ088|AAR38943.1,GCA_025839675.1|NEF87_004011|UYP47726.1,GCF_000006805.1|VNG_RS05300|WP_010902986.1,GCF_000007005.1|SSO_RS00880|WP_014511501.1,GCF_000019605.1|KCR_RS07330|WP_012310045.1	5	GCF_000019605.1|KCR_RS07330|WP_012310045.1	61.111	342	1	342	1	338	1.77e-136	394	76.9
C5A639.1	GCA_000008085.1|NEQ088|AAR38943.1,GCA_025839675.1|NEF87_004011|UYP47726.1,GCF_000006805.1|VNG_RS05300|WP_010902986.1,GCF_000007005.1|SSO_RS00880|WP_014511501.1,GCF_000019605.1|KCR_RS07330|WP_012310045.1	5	GCF_000019605.1|KCR_RS07330|WP_012310045.1	60.234	342	1	342	1	338	2.18e-134	389	75.73
Q5JGN0.1	GCA_000008085.1|NEQ088|AAR38943.1,GCA_025839675.1|NEF87_004011|UYP47726.1,GCF_000006805.1|VNG_RS05300|WP_010902986.1,GCF_000007005.1|SSO_RS00880|WP_014511501.1,GCF_000019605.1|KCR_RS07330|WP_012310045.1	5	GCF_000019605.1|KCR_RS07330|WP_012310045.1	60.526	342	1	342	1	338	1.32e-133	387	75.44
A2BMI0.1	GCA_000008085.1|NEQ088|AAR38943.1,GCA_025839675.1|NEF87_004011|UYP47726.1,GCF_000006805.1|VNG_RS05300|WP_010902986.1,GCF_000007005.1|SSO_RS00880|WP_014511501.1,GCF_000019605.1|KCR_RS07330|WP_012310045.1	5	GCF_000007005.1|SSO_RS00880|WP_014511501.1	55.682	352	1	351	1	348	9.66e-133	385	74.15
A8M9L3.1	GCA_000008085.1|NEQ088|AAR38943.1,GCA_025839675.1|NEF87_004011|UYP47726.1,GCF_000006805.1|VNG_RS05300|WP_010902986.1,GCF_000007005.1|SSO_RS00880|WP_014511501.1,GCF_000019605.1|KCR_RS07330|WP_012310045.1	5	GCF_000007005.1|SSO_RS00880|WP_014511501.1	56.18	356	1	351	1	349	6.04e-133	385	75
Q9YFY5.3	GCA_000008085.1|NEQ088|AAR38943.1,GCA_025839675.1|NEF87_004011|UYP47726.1,GCF_000006805.1|VNG_RS05300|WP_010902986.1,GCF_000007005.1|SSO_RS00880|WP_014511501.1,GCF_000019605.1|KCR_RS07330|WP_012310045.1	5	GCF_000019605.1|KCR_RS07330|WP_012310045.1	54.441	349	1	342	1	349	3.63e-132	383	73.64
A3DMG2.1	GCA_000008085.1|NEQ088|AAR38943.1,GCA_025839675.1|NEF87_004011|UYP47726.1,GCF_000006805.1|VNG_RS05300|WP_010902986.1,GCF_000007005.1|SSO_RS00880|WP_014511501.1,GCF_000019605.1|KCR_RS07330|WP_012310045.1	5	GCF_000007005.1|SSO_RS00880|WP_014511501.1	57.224	353	1	351	1	349	1.5e-130	380	75.35
B6YWX4.1	GCA_000008085.1|NEQ088|AAR38943.1,GCA_025839675.1|NEF87_004011|UYP47726.1,GCF_000006805.1|VNG_RS05300|WP_010902986.1,GCF_000007005.1|SSO_RS00880|WP_014511501.1,GCF_000019605.1|KCR_RS07330|WP_012310045.1	5	GCF_000019605.1|KCR_RS07330|WP_012310045.1	58.48	342	1	342	1	338	1.48e-130	379	75.73
A8AAC1.1	GCA_000008085.1|NEQ088|AAR38943.1,GCA_025839675.1|NEF87_004011|UYP47726.1,GCF_000006805.1|VNG_RS05300|WP_010902986.1,GCF_000007005.1|SSO_RS00880|WP_014511501.1,GCF_000019605.1|KCR_RS07330|WP_012310045.1	5	GCF_000007005.1|SSO_RS00880|WP_014511501.1	55.524	353	1	351	1	347	7.05e-130	378	72.52
A1RWY2.1	GCA_000008085.1|NEQ088|AAR38943.1,GCA_025839675.1|NEF87_004011|UYP47726.1,GCF_000006805.1|VNG_RS05300|WP_010902986.1,GCF_000007005.1|SSO_RS00880|WP_014511501.1,GCF_000019605.1|KCR_RS07330|WP_012310045.1	5	GCF_000019605.1|KCR_RS07330|WP_012310045.1	52.907	344	1	342	1	344	8.31e-129	375	72.67
A3MY15.1	GCA_000008085.1|NEQ088|AAR38943.1,GCA_025839675.1|NEF87_004011|UYP47726.1,GCF_000006805.1|VNG_RS05300|WP_010902986.1,GCF_000007005.1|SSO_RS00880|WP_014511501.1,GCF_000019605.1|KCR_RS07330|WP_012310045.1	5	GCF_000007005.1|SSO_RS00880|WP_014511501.1	53.09	356	1	351	1	346	3.71e-122	358	73.03
O29975.1	GCA_000008085.1|NEQ088|AAR38943.1,GCA_025839675.1|NEF87_004011|UYP47726.1,GCF_000006805.1|VNG_RS05300|WP_010902986.1,GCF_000007005.1|SSO_RS00880|WP_014511501.1,GCF_000019605.1|KCR_RS07330|WP_012310045.1	5	GCF_000019605.1|KCR_RS07330|WP_012310045.1	55.523	344	1	342	1	336	1.72e-121	355	70.64
A4WNC4.1	GCA_000008085.1|NEQ088|AAR38943.1,GCA_025839675.1|NEF87_004011|UYP47726.1,GCF_000006805.1|VNG_RS05300|WP_010902986.1,GCF_000007005.1|SSO_RS00880|WP_014511501.1,GCF_000019605.1|KCR_RS07330|WP_012310045.1	5	GCF_000007005.1|SSO_RS00880|WP_014511501.1	53.09	356	1	351	1	346	3.69e-120	353	71.91
A1RSC7.1	GCA_000008085.1|NEQ088|AAR38943.1,GCA_025839675.1|NEF87_004011|UYP47726.1,GCF_000006805.1|VNG_RS05300|WP_010902986.1,GCF_000007005.1|SSO_RS00880|WP_014511501.1,GCF_000019605.1|KCR_RS07330|WP_012310045.1	5	GCF_000007005.1|SSO_RS00880|WP_014511501.1	50.843	356	1	351	1	346	5.75e-118	347	72.47
Q8ZYN2.1	GCA_000008085.1|NEQ088|AAR38943.1,GCA_025839675.1|NEF87_004011|UYP47726.1,GCF_000006805.1|VNG_RS05300|WP_010902986.1,GCF_000007005.1|SSO_RS00880|WP_014511501.1,GCF_000019605.1|KCR_RS07330|WP_012310045.1	5	GCF_000007005.1|SSO_RS00880|WP_014511501.1	50.843	356	1	351	1	346	9.7e-118	347	71.91
A9A4B0.1	GCA_000008085.1|NEQ088|AAR38943.1,GCA_025839675.1|NEF87_004011|UYP47726.1,GCF_000006805.1|VNG_RS05300|WP_010902986.1,GCF_000007005.1|SSO_RS00880|WP_014511501.1,GCF_000019605.1|KCR_RS07330|WP_012310045.1	5	GCF_000007005.1|SSO_RS00880|WP_014511501.1	49.288	351	1	351	1	340	7.08e-116	342	70.37
B1YC46.1	GCA_000008085.1|NEQ088|AAR38943.1,GCA_025839675.1|NEF87_004011|UYP47726.1,GCF_000006805.1|VNG_RS05300|WP_010902986.1,GCF_000007005.1|SSO_RS00880|WP_014511501.1,GCF_000019605.1|KCR_RS07330|WP_012310045.1	5	GCF_000007005.1|SSO_RS00880|WP_014511501.1	49.719	356	1	351	1	346	2.1e-113	336	71.63
Q12UT1.1	GCA_000008085.1|NEQ088|AAR38943.1,GCA_025839675.1|NEF87_004011|UYP47726.1,GCF_000006805.1|VNG_RS05300|WP_010902986.1,GCF_000007005.1|SSO_RS00880|WP_014511501.1,GCF_000019605.1|KCR_RS07330|WP_012310045.1	5	GCA_000008085.1|NEQ088|AAR38943.1	51.462	342	1	337	1	338	1.49e-112	333	71.35
Q0W6I0.1	GCA_000008085.1|NEQ088|AAR38943.1,GCA_025839675.1|NEF87_004011|UYP47726.1,GCF_000006805.1|VNG_RS05300|WP_010902986.1,GCF_000007005.1|SSO_RS00880|WP_014511501.1,GCF_000019605.1|KCR_RS07330|WP_012310045.1	5	GCA_000008085.1|NEQ088|AAR38943.1	51.312	343	1	337	1	340	2.11e-109	325	69.97
Q8TXU4.1	GCA_000008085.1|NEQ088|AAR38943.1,GCA_025839675.1|NEF87_004011|UYP47726.1,GCF_000006805.1|VNG_RS05300|WP_010902986.1,GCF_000007005.1|SSO_RS00880|WP_014511501.1,GCF_000019605.1|KCR_RS07330|WP_012310045.1	5	GCF_000007005.1|SSO_RS00880|WP_014511501.1	50.882	340	15	351	14	348	9.88e-109	324	72.35
A0RU95.1	GCA_000008085.1|NEQ088|AAR38943.1,GCA_025839675.1|NEF87_004011|UYP47726.1,GCF_000006805.1|VNG_RS05300|WP_010902986.1,GCF_000007005.1|SSO_RS00880|WP_014511501.1,GCF_000019605.1|KCR_RS07330|WP_012310045.1	5	GCF_000007005.1|SSO_RS00880|WP_014511501.1	47.753	356	1	351	1	340	1.46e-108	323	67.13
Q8PYF6.1	GCA_000008085.1|NEQ088|AAR38943.1,GCA_025839675.1|NEF87_004011|UYP47726.1,GCF_000006805.1|VNG_RS05300|WP_010902986.1,GCF_000007005.1|SSO_RS00880|WP_014511501.1,GCF_000019605.1|KCR_RS07330|WP_012310045.1	5	GCF_000007005.1|SSO_RS00880|WP_014511501.1	48.315	356	1	351	1	338	3.45e-108	322	67.42
A0B9M7.1	GCA_000008085.1|NEQ088|AAR38943.1,GCA_025839675.1|NEF87_004011|UYP47726.1,GCF_000006805.1|VNG_RS05300|WP_010902986.1,GCF_000007005.1|SSO_RS00880|WP_014511501.1,GCF_000019605.1|KCR_RS07330|WP_012310045.1	5	GCF_000007005.1|SSO_RS00880|WP_014511501.1	48.864	352	1	351	1	336	2.94e-107	320	69.03
Q8TIY5.1	GCA_000008085.1|NEQ088|AAR38943.1,GCA_025839675.1|NEF87_004011|UYP47726.1,GCF_000006805.1|VNG_RS05300|WP_010902986.1,GCF_000007005.1|SSO_RS00880|WP_014511501.1,GCF_000019605.1|KCR_RS07330|WP_012310045.1	5	GCF_000007005.1|SSO_RS00880|WP_014511501.1	48.011	352	1	351	1	338	1.45e-103	310	69.32
A3CWV2.1	GCA_000008085.1|NEQ088|AAR38943.1,GCA_025839675.1|NEF87_004011|UYP47726.1,GCF_000006805.1|VNG_RS05300|WP_010902986.1,GCF_000007005.1|SSO_RS00880|WP_014511501.1,GCF_000019605.1|KCR_RS07330|WP_012310045.1	5	GCF_000019605.1|KCR_RS07330|WP_012310045.1	47.522	343	1	342	1	333	3.05e-101	304	65.01
Q46D63.1	GCA_000008085.1|NEQ088|AAR38943.1,GCA_025839675.1|NEF87_004011|UYP47726.1,GCF_000006805.1|VNG_RS05300|WP_010902986.1,GCF_000007005.1|SSO_RS00880|WP_014511501.1,GCF_000019605.1|KCR_RS07330|WP_012310045.1	5	GCA_000008085.1|NEQ088|AAR38943.1	47.214	341	1	337	1	338	7.62e-101	303	70.67
A7IA59.1	GCA_000008085.1|NEQ088|AAR38943.1,GCA_025839675.1|NEF87_004011|UYP47726.1,GCF_000006805.1|VNG_RS05300|WP_010902986.1,GCF_000007005.1|SSO_RS00880|WP_014511501.1,GCF_000019605.1|KCR_RS07330|WP_012310045.1	5	GCA_000008085.1|NEQ088|AAR38943.1	47.198	339	1	337	1	333	2.84e-100	301	68.14
Q2FNC9.1	GCA_000008085.1|NEQ088|AAR38943.1,GCA_025839675.1|NEF87_004011|UYP47726.1,GCF_000006805.1|VNG_RS05300|WP_010902986.1,GCF_000007005.1|SSO_RS00880|WP_014511501.1,GCF_000019605.1|KCR_RS07330|WP_012310045.1	5	GCF_000019605.1|KCR_RS07330|WP_012310045.1	47.23	343	1	342	1	333	6.01e-100	301	64.72
A5UL52.1	GCA_000008085.1|NEQ088|AAR38943.1,GCA_025839675.1|NEF87_004011|UYP47726.1,GCF_000006805.1|VNG_RS05300|WP_010902986.1,GCF_000007005.1|SSO_RS00880|WP_014511501.1,GCF_000019605.1|KCR_RS07330|WP_012310045.1	5	GCA_025839675.1|NEF87_004011|UYP47726.1	45.845	349	1	349	1	327	6.13e-99	298	65.62
Q6L2I9.1	GCA_000008085.1|NEQ088|AAR38943.1,GCA_025839675.1|NEF87_004011|UYP47726.1,GCF_000006805.1|VNG_RS05300|WP_010902986.1,GCF_000007005.1|SSO_RS00880|WP_014511501.1,GCF_000019605.1|KCR_RS07330|WP_012310045.1	5	GCF_000007005.1|SSO_RS00880|WP_014511501.1	46.023	352	1	351	1	338	1.9e-98	297	63.35
B8GIA0.1	GCA_000008085.1|NEQ088|AAR38943.1,GCA_025839675.1|NEF87_004011|UYP47726.1,GCF_000006805.1|VNG_RS05300|WP_010902986.1,GCF_000007005.1|SSO_RS00880|WP_014511501.1,GCF_000019605.1|KCR_RS07330|WP_012310045.1	5	GCF_000007005.1|SSO_RS00880|WP_014511501.1	46.154	351	1	351	1	333	5.78e-98	296	65.53
Q58839.1	GCA_000008085.1|NEQ088|AAR38943.1,GCA_025839675.1|NEF87_004011|UYP47726.1,GCF_000006805.1|VNG_RS05300|WP_010902986.1,GCF_000007005.1|SSO_RS00880|WP_014511501.1,GCF_000019605.1|KCR_RS07330|WP_012310045.1	5	GCF_000019605.1|KCR_RS07330|WP_012310045.1	47.11	346	1	342	1	325	2.56e-98	296	65.32
A2SQC6.1	GCA_000008085.1|NEQ088|AAR38943.1,GCA_025839675.1|NEF87_004011|UYP47726.1,GCF_000006805.1|VNG_RS05300|WP_010902986.1,GCF_000007005.1|SSO_RS00880|WP_014511501.1,GCF_000019605.1|KCR_RS07330|WP_012310045.1	5	GCA_000008085.1|NEQ088|AAR38943.1	46.041	341	1	337	1	333	1.75e-95	289	66.28
O27670.1	GCA_000008085.1|NEQ088|AAR38943.1,GCA_025839675.1|NEF87_004011|UYP47726.1,GCF_000006805.1|VNG_RS05300|WP_010902986.1,GCF_000007005.1|SSO_RS00880|WP_014511501.1,GCF_000019605.1|KCR_RS07330|WP_012310045.1	5	GCF_000019605.1|KCR_RS07330|WP_012310045.1	43.188	345	1	342	1	328	8e-94	285	64.64
Q9HJD4.1	GCA_000008085.1|NEQ088|AAR38943.1,GCA_025839675.1|NEF87_004011|UYP47726.1,GCF_000006805.1|VNG_RS05300|WP_010902986.1,GCF_000007005.1|SSO_RS00880|WP_014511501.1,GCF_000019605.1|KCR_RS07330|WP_012310045.1	5	GCA_000008085.1|NEQ088|AAR38943.1	45.133	339	1	336	1	335	1.55e-92	282	64.9
A6UX46.1	GCA_000008085.1|NEQ088|AAR38943.1,GCA_025839675.1|NEF87_004011|UYP47726.1,GCF_000007005.1|SSO_RS00880|WP_014511501.1,GCF_000019605.1|KCR_RS07330|WP_012310045.1	4	GCF_000007005.1|SSO_RS00880|WP_014511501.1	45.17	352	1	351	1	326	1.68e-88	271	62.78
Q97B98.1	GCA_000008085.1|NEQ088|AAR38943.1,GCA_025839675.1|NEF87_004011|UYP47726.1,GCF_000006805.1|VNG_RS05300|WP_010902986.1,GCF_000007005.1|SSO_RS00880|WP_014511501.1,GCF_000019605.1|KCR_RS07330|WP_012310045.1	5	GCF_000007005.1|SSO_RS00880|WP_014511501.1	45.946	333	1	333	1	322	3.44e-88	271	66.07
Q2NFD4.1	GCA_000008085.1|NEQ088|AAR38943.1,GCA_025839675.1|NEF87_004011|UYP47726.1,GCF_000006805.1|VNG_RS05300|WP_010902986.1,GCF_000007005.1|SSO_RS00880|WP_014511501.1,GCF_000019605.1|KCR_RS07330|WP_012310045.1	5	GCF_000019605.1|KCR_RS07330|WP_012310045.1	40.936	342	1	342	1	328	5.43e-86	265	59.06
Q5XIP6.1	GCA_000008085.1|NEQ088|AAR38943.1,GCA_025839675.1|NEF87_004011|UYP47726.1,GCF_000006805.1|VNG_RS05300|WP_010902986.1,GCF_000007005.1|SSO_RS00880|WP_014511501.1,GCF_000019605.1|KCR_RS07330|WP_012310045.1	5	GCF_000007005.1|SSO_RS00880|WP_014511501.1	39.833	359	1	351	1	344	6.08e-82	257	63.51
Q5ZLN4.1	GCA_000008085.1|NEQ088|AAR38943.1,GCA_025839675.1|NEF87_004011|UYP47726.1,GCF_000006805.1|VNG_RS05300|WP_010902986.1,GCF_000007005.1|SSO_RS00880|WP_014511501.1,GCF_000019605.1|KCR_RS07330|WP_012310045.1	5	GCF_000007005.1|SSO_RS00880|WP_014511501.1	39.554	359	1	351	1	344	1.28e-81	256	62.67
B3RVF0.1	GCA_000008085.1|NEQ088|AAR38943.1,GCA_025839675.1|NEF87_004011|UYP47726.1,GCF_000007005.1|SSO_RS00880|WP_014511501.1,GCF_000019605.1|KCR_RS07330|WP_012310045.1	4	GCF_000007005.1|SSO_RS00880|WP_014511501.1	39.429	350	5	351	10	344	1.95e-81	255	62
A4HFE4.1	GCA_000008085.1|NEQ088|AAR38943.1,GCA_025839675.1|NEF87_004011|UYP47726.1,GCF_000006805.1|VNG_RS05300|WP_010902986.1,GCF_000007005.1|SSO_RS00880|WP_014511501.1,GCF_000019605.1|KCR_RS07330|WP_012310045.1	5	GCF_000007005.1|SSO_RS00880|WP_014511501.1	39.943	353	5	351	10	348	1.09e-80	254	61.47
A7RRJ0.1	GCA_000008085.1|NEQ088|AAR38943.1,GCA_025839675.1|NEF87_004011|UYP47726.1,GCF_000006805.1|VNG_RS05300|WP_010902986.1,GCF_000007005.1|SSO_RS00880|WP_014511501.1,GCF_000019605.1|KCR_RS07330|WP_012310045.1	5	GCF_000007005.1|SSO_RS00880|WP_014511501.1	39.554	359	1	351	1	344	4.62e-81	254	62.67
C4YBJ8.2	GCA_000008085.1|NEQ088|AAR38943.1,GCA_025839675.1|NEF87_004011|UYP47726.1,GCF_000006805.1|VNG_RS05300|WP_010902986.1,GCF_000007005.1|SSO_RS00880|WP_014511501.1,GCF_000019605.1|KCR_RS07330|WP_012310045.1	5	GCF_000007005.1|SSO_RS00880|WP_014511501.1	40.805	348	1	336	1	338	9.64e-80	251	61.49
A3M056.2	GCA_000008085.1|NEQ088|AAR38943.1,GCA_025839675.1|NEF87_004011|UYP47726.1,GCF_000006805.1|VNG_RS05300|WP_010902986.1,GCF_000007005.1|SSO_RS00880|WP_014511501.1,GCF_000019605.1|KCR_RS07330|WP_012310045.1	5	GCF_000007005.1|SSO_RS00880|WP_014511501.1	40.771	363	1	351	1	348	4.59e-79	249	59.5
A7TJ59.1	GCA_000008085.1|NEQ088|AAR38943.1,GCA_025839675.1|NEF87_004011|UYP47726.1,GCF_000006805.1|VNG_RS05300|WP_010902986.1,GCF_000007005.1|SSO_RS00880|WP_014511501.1,GCF_000019605.1|KCR_RS07330|WP_012310045.1	5	GCF_000007005.1|SSO_RS00880|WP_014511501.1	40.395	354	5	351	10	346	6.29e-79	249	59.04
Q6TNU4.1	GCA_000008085.1|NEQ088|AAR38943.1,GCA_025839675.1|NEF87_004011|UYP47726.1,GCF_000007005.1|SSO_RS00880|WP_014511501.1,GCF_000019605.1|KCR_RS07330|WP_012310045.1	4	GCF_000007005.1|SSO_RS00880|WP_014511501.1	39.143	350	5	351	10	344	4.81e-79	249	60.86
C1BM18.1	GCA_000008085.1|NEQ088|AAR38943.1,GCA_025839675.1|NEF87_004011|UYP47726.1,GCF_000007005.1|SSO_RS00880|WP_014511501.1,GCF_000019605.1|KCR_RS07330|WP_012310045.1	4	GCF_000007005.1|SSO_RS00880|WP_014511501.1	38.719	359	1	351	1	344	1.44e-78	248	61
Q4FYU7.1	GCA_000008085.1|NEQ088|AAR38943.1,GCA_025839675.1|NEF87_004011|UYP47726.1,GCF_000006805.1|VNG_RS05300|WP_010902986.1,GCF_000007005.1|SSO_RS00880|WP_014511501.1,GCF_000019605.1|KCR_RS07330|WP_012310045.1	5	GCF_000007005.1|SSO_RS00880|WP_014511501.1	39.377	353	5	351	10	348	1.61e-78	248	60.91
Q6BLF4.2	GCA_000008085.1|NEQ088|AAR38943.1,GCA_025839675.1|NEF87_004011|UYP47726.1,GCF_000006805.1|VNG_RS05300|WP_010902986.1,GCF_000007005.1|SSO_RS00880|WP_014511501.1,GCF_000019605.1|KCR_RS07330|WP_012310045.1	5	GCF_000007005.1|SSO_RS00880|WP_014511501.1	40.58	345	14	351	19	349	9.94e-79	248	59.71
B3L014.1	GCA_000008085.1|NEQ088|AAR38943.1,GCA_025839675.1|NEF87_004011|UYP47726.1,GCF_000006805.1|VNG_RS05300|WP_010902986.1,GCF_000007005.1|SSO_RS00880|WP_014511501.1,GCF_000019605.1|KCR_RS07330|WP_012310045.1	5	GCF_000007005.1|SSO_RS00880|WP_014511501.1	41.972	355	5	351	10	358	6.73e-76	247	59.72
B9EMY6.1	GCA_000008085.1|NEQ088|AAR38943.1,GCA_025839675.1|NEF87_004011|UYP47726.1,GCF_000006805.1|VNG_RS05300|WP_010902986.1,GCF_000007005.1|SSO_RS00880|WP_014511501.1,GCF_000019605.1|KCR_RS07330|WP_012310045.1	5	GCF_000007005.1|SSO_RS00880|WP_014511501.1	39.143	350	5	351	10	344	3.65e-78	247	60.29
A4I2L4.1	GCA_000008085.1|NEQ088|AAR38943.1,GCA_025839675.1|NEF87_004011|UYP47726.1,GCF_000006805.1|VNG_RS05300|WP_010902986.1,GCF_000007005.1|SSO_RS00880|WP_014511501.1,GCF_000019605.1|KCR_RS07330|WP_012310045.1	5	GCF_000007005.1|SSO_RS00880|WP_014511501.1	39.377	353	5	351	10	348	1.35e-77	246	60.34
A5KAL1.1	GCA_000008085.1|NEQ088|AAR38943.1,GCA_025839675.1|NEF87_004011|UYP47726.1,GCF_000006805.1|VNG_RS05300|WP_010902986.1,GCF_000007005.1|SSO_RS00880|WP_014511501.1,GCF_000019605.1|KCR_RS07330|WP_012310045.1	5	GCF_000007005.1|SSO_RS00880|WP_014511501.1	41.69	355	5	351	10	358	8.29e-75	245	60
C3KJE6.1	GCA_000008085.1|NEQ088|AAR38943.1,GCA_025839675.1|NEF87_004011|UYP47726.1,GCF_000006805.1|VNG_RS05300|WP_010902986.1,GCF_000007005.1|SSO_RS00880|WP_014511501.1,GCF_000019605.1|KCR_RS07330|WP_012310045.1	5	GCF_000007005.1|SSO_RS00880|WP_014511501.1	39.143	350	5	351	10	344	5.13e-77	244	60.57
C4YLS2.1	GCA_000008085.1|NEQ088|AAR38943.1,GCA_025839675.1|NEF87_004011|UYP47726.1,GCF_000006805.1|VNG_RS05300|WP_010902986.1,GCF_000007005.1|SSO_RS00880|WP_014511501.1,GCF_000019605.1|KCR_RS07330|WP_012310045.1	5	GCF_000007005.1|SSO_RS00880|WP_014511501.1	40.549	328	14	336	19	336	2.48e-77	244	61.59
C5DZA9.1	GCA_000008085.1|NEQ088|AAR38943.1,GCA_025839675.1|NEF87_004011|UYP47726.1,GCF_000006805.1|VNG_RS05300|WP_010902986.1,GCF_000007005.1|SSO_RS00880|WP_014511501.1,GCF_000019605.1|KCR_RS07330|WP_012310045.1	5	GCF_000007005.1|SSO_RS00880|WP_014511501.1	41.369	336	23	351	28	346	3.81e-77	244	61.9
Q58DH8.1	GCA_000008085.1|NEQ088|AAR38943.1,GCA_025839675.1|NEF87_004011|UYP47726.1,GCF_000006805.1|VNG_RS05300|WP_010902986.1,GCF_000007005.1|SSO_RS00880|WP_014511501.1,GCF_000019605.1|KCR_RS07330|WP_012310045.1	5	GCF_000007005.1|SSO_RS00880|WP_014511501.1	39.833	359	1	351	1	344	4.41e-77	244	63.23
Q5I4H3.1	GCA_000008085.1|NEQ088|AAR38943.1,GCA_025839675.1|NEF87_004011|UYP47726.1,GCF_000007005.1|SSO_RS00880|WP_014511501.1,GCF_000019605.1|KCR_RS07330|WP_012310045.1	4	GCF_000007005.1|SSO_RS00880|WP_014511501.1	38.571	350	5	351	10	344	2.99e-77	244	60
Q6FM28.1	GCA_000008085.1|NEQ088|AAR38943.1,GCA_025839675.1|NEF87_004011|UYP47726.1,GCF_000006805.1|VNG_RS05300|WP_010902986.1,GCF_000007005.1|SSO_RS00880|WP_014511501.1,GCF_000019605.1|KCR_RS07330|WP_012310045.1	5	GCF_000007005.1|SSO_RS00880|WP_014511501.1	42.56	336	23	351	28	346	3.66e-77	244	60.71
B4GIM3.1	GCA_000008085.1|NEQ088|AAR38943.1,GCA_025839675.1|NEF87_004011|UYP47726.1,GCF_000007005.1|SSO_RS00880|WP_014511501.1,GCF_000019605.1|KCR_RS07330|WP_012310045.1	4	GCF_000007005.1|SSO_RS00880|WP_014511501.1	39.886	351	5	351	10	344	2.04e-76	243	59.26
B9WLQ5.1	GCA_000008085.1|NEQ088|AAR38943.1,GCA_025839675.1|NEF87_004011|UYP47726.1,GCF_000006805.1|VNG_RS05300|WP_010902986.1,GCF_000007005.1|SSO_RS00880|WP_014511501.1,GCF_000019605.1|KCR_RS07330|WP_012310045.1	5	GCF_000007005.1|SSO_RS00880|WP_014511501.1	40.173	346	1	336	1	336	7.69e-77	243	60.4
C5M2X8.1	GCA_000008085.1|NEQ088|AAR38943.1,GCA_025839675.1|NEF87_004011|UYP47726.1,GCF_000006805.1|VNG_RS05300|WP_010902986.1,GCF_000007005.1|SSO_RS00880|WP_014511501.1,GCF_000019605.1|KCR_RS07330|WP_012310045.1	5	GCF_000007005.1|SSO_RS00880|WP_014511501.1	40.462	346	14	351	19	347	1.1e-76	243	60.4
Q5A6K8.1	GCA_000008085.1|NEQ088|AAR38943.1,GCA_025839675.1|NEF87_004011|UYP47726.1,GCF_000006805.1|VNG_RS05300|WP_010902986.1,GCF_000007005.1|SSO_RS00880|WP_014511501.1,GCF_000019605.1|KCR_RS07330|WP_012310045.1	5	GCF_000007005.1|SSO_RS00880|WP_014511501.1	40.549	328	14	336	19	336	9.96e-77	243	61.28
Q75DS8.2	GCA_000008085.1|NEQ088|AAR38943.1,GCA_025839675.1|NEF87_004011|UYP47726.1,GCF_000006805.1|VNG_RS05300|WP_010902986.1,GCF_000007005.1|SSO_RS00880|WP_014511501.1,GCF_000019605.1|KCR_RS07330|WP_012310045.1	5	GCF_000007005.1|SSO_RS00880|WP_014511501.1	40.597	335	23	351	28	345	1.05e-76	243	62.09
B3NP61.1	GCA_000008085.1|NEQ088|AAR38943.1,GCA_025839675.1|NEF87_004011|UYP47726.1,GCF_000007005.1|SSO_RS00880|WP_014511501.1,GCF_000019605.1|KCR_RS07330|WP_012310045.1	4	GCF_000007005.1|SSO_RS00880|WP_014511501.1	39.886	351	5	351	10	344	4.92e-76	242	59.54
B5DUR8.1	GCA_000008085.1|NEQ088|AAR38943.1,GCA_025839675.1|NEF87_004011|UYP47726.1,GCF_000007005.1|SSO_RS00880|WP_014511501.1,GCF_000019605.1|KCR_RS07330|WP_012310045.1	4	GCF_000007005.1|SSO_RS00880|WP_014511501.1	39.886	351	5	351	10	344	2.61e-76	242	59.26
C5DGG4.1	GCA_000008085.1|NEQ088|AAR38943.1,GCA_025839675.1|NEF87_004011|UYP47726.1,GCF_000006805.1|VNG_RS05300|WP_010902986.1,GCF_000007005.1|SSO_RS00880|WP_014511501.1,GCF_000019605.1|KCR_RS07330|WP_012310045.1	5	GCF_000007005.1|SSO_RS00880|WP_014511501.1	40.413	339	5	336	10	335	2.83e-76	242	60.18
C8BKD0.1	GCA_000008085.1|NEQ088|AAR38943.1,GCA_025839675.1|NEF87_004011|UYP47726.1,GCF_000006805.1|VNG_RS05300|WP_010902986.1,GCF_000007005.1|SSO_RS00880|WP_014511501.1,GCF_000019605.1|KCR_RS07330|WP_012310045.1	5	GCF_000007005.1|SSO_RS00880|WP_014511501.1	39.554	359	1	351	1	344	2.27e-76	242	63.51
D2V434.1	GCA_000008085.1|NEQ088|AAR38943.1,GCA_025839675.1|NEF87_004011|UYP47726.1,GCF_000007005.1|SSO_RS00880|WP_014511501.1,GCF_000019605.1|KCR_RS07330|WP_012310045.1	4	GCF_000007005.1|SSO_RS00880|WP_014511501.1	40.857	350	7	351	12	346	3.68e-76	242	58.86
B3MDA3.1	GCA_000008085.1|NEQ088|AAR38943.1,GCA_025839675.1|NEF87_004011|UYP47726.1,GCF_000006805.1|VNG_RS05300|WP_010902986.1,GCF_000007005.1|SSO_RS00880|WP_014511501.1,GCF_000019605.1|KCR_RS07330|WP_012310045.1	5	GCF_000007005.1|SSO_RS00880|WP_014511501.1	38.857	350	5	351	10	344	1.5e-75	241	59.43
D3BN56.1	GCA_000008085.1|NEQ088|AAR38943.1,GCA_025839675.1|NEF87_004011|UYP47726.1,GCF_000006805.1|VNG_RS05300|WP_010902986.1,GCF_000007005.1|SSO_RS00880|WP_014511501.1,GCF_000019605.1|KCR_RS07330|WP_012310045.1	5	GCF_000007005.1|SSO_RS00880|WP_014511501.1	41.141	333	23	351	28	346	6.01e-76	241	60.36
P39749.1	GCA_000008085.1|NEQ088|AAR38943.1,GCA_025839675.1|NEF87_004011|UYP47726.1,GCF_000006805.1|VNG_RS05300|WP_010902986.1,GCF_000007005.1|SSO_RS00880|WP_014511501.1,GCF_000019605.1|KCR_RS07330|WP_012310045.1	5	GCF_000007005.1|SSO_RS00880|WP_014511501.1	39.833	359	1	351	1	342	5.85e-76	241	62.95
Q178M1.1	GCA_000008085.1|NEQ088|AAR38943.1,GCA_025839675.1|NEF87_004011|UYP47726.1,GCF_000007005.1|SSO_RS00880|WP_014511501.1,GCF_000019605.1|KCR_RS07330|WP_012310045.1	4	GCF_000007005.1|SSO_RS00880|WP_014511501.1	38.571	350	5	351	10	344	5.27e-76	241	60.57
Q6CLH4.1	GCA_000008085.1|NEQ088|AAR38943.1,GCA_025839675.1|NEF87_004011|UYP47726.1,GCF_000006805.1|VNG_RS05300|WP_010902986.1,GCF_000007005.1|SSO_RS00880|WP_014511501.1,GCF_000019605.1|KCR_RS07330|WP_012310045.1	5	GCF_000007005.1|SSO_RS00880|WP_014511501.1	40.413	339	21	351	26	347	4.71e-76	241	60.47
Q7RME3.1	GCA_000008085.1|NEQ088|AAR38943.1,GCA_025839675.1|NEF87_004011|UYP47726.1,GCF_000006805.1|VNG_RS05300|WP_010902986.1,GCF_000007005.1|SSO_RS00880|WP_014511501.1,GCF_000019605.1|KCR_RS07330|WP_012310045.1	5	GCF_000007005.1|SSO_RS00880|WP_014511501.1	40.73	356	5	351	10	357	1.53e-74	241	58.99
Q9GZ01.1	GCA_000008085.1|NEQ088|AAR38943.1,GCA_025839675.1|NEF87_004011|UYP47726.1,GCF_000006805.1|VNG_RS05300|WP_010902986.1,GCF_000007005.1|SSO_RS00880|WP_014511501.1,GCF_000019605.1|KCR_RS07330|WP_012310045.1	5	GCF_000007005.1|SSO_RS00880|WP_014511501.1	40.169	356	5	351	10	357	6.21e-73	241	59.27
B1H158.1	GCA_000008085.1|NEQ088|AAR38943.1,GCA_025839675.1|NEF87_004011|UYP47726.1,GCF_000006805.1|VNG_RS05300|WP_010902986.1,GCF_000007005.1|SSO_RS00880|WP_014511501.1,GCF_000019605.1|KCR_RS07330|WP_012310045.1	5	GCF_000007005.1|SSO_RS00880|WP_014511501.1	39.276	359	1	351	1	344	2.26e-75	240	61.56
B4LM90.1	GCA_000008085.1|NEQ088|AAR38943.1,GCA_025839675.1|NEF87_004011|UYP47726.1,GCF_000006805.1|VNG_RS05300|WP_010902986.1,GCF_000007005.1|SSO_RS00880|WP_014511501.1,GCF_000019605.1|KCR_RS07330|WP_012310045.1	5	GCF_000007005.1|SSO_RS00880|WP_014511501.1	39.316	351	5	351	10	344	1.58e-75	240	60.11
B4P5U9.1	GCA_000008085.1|NEQ088|AAR38943.1,GCA_025839675.1|NEF87_004011|UYP47726.1,GCF_000007005.1|SSO_RS00880|WP_014511501.1,GCF_000019605.1|KCR_RS07330|WP_012310045.1	4	GCF_000007005.1|SSO_RS00880|WP_014511501.1	39.886	351	5	351	10	344	2.82e-75	240	58.97
C9ZKW4.1	GCA_000008085.1|NEQ088|AAR38943.1,GCA_025839675.1|NEF87_004011|UYP47726.1,GCF_000006805.1|VNG_RS05300|WP_010902986.1,GCF_000007005.1|SSO_RS00880|WP_014511501.1,GCF_000019605.1|KCR_RS07330|WP_012310045.1	5	GCF_000007005.1|SSO_RS00880|WP_014511501.1	41.194	335	23	351	28	348	2.12e-75	240	61.79
Q4XXP8.1	GCA_000008085.1|NEQ088|AAR38943.1,GCA_025839675.1|NEF87_004011|UYP47726.1,GCF_000006805.1|VNG_RS05300|WP_010902986.1,GCF_000007005.1|SSO_RS00880|WP_014511501.1,GCF_000019605.1|KCR_RS07330|WP_012310045.1	5	GCF_000007005.1|SSO_RS00880|WP_014511501.1	40.73	356	5	351	10	357	2.93e-74	240	58.71
Q7K734.1	GCA_000008085.1|NEQ088|AAR38943.1,GCA_025839675.1|NEF87_004011|UYP47726.1,GCF_000006805.1|VNG_RS05300|WP_010902986.1,GCF_000007005.1|SSO_RS00880|WP_014511501.1,GCF_000019605.1|KCR_RS07330|WP_012310045.1	5	GCF_000007005.1|SSO_RS00880|WP_014511501.1	40.169	356	5	351	10	357	1.78e-72	240	59.27
B4QIG6.1	GCA_000008085.1|NEQ088|AAR38943.1,GCA_025839675.1|NEF87_004011|UYP47726.1,GCF_000007005.1|SSO_RS00880|WP_014511501.1,GCF_000019605.1|KCR_RS07330|WP_012310045.1	4	GCF_000007005.1|SSO_RS00880|WP_014511501.1	39.316	351	5	351	10	344	7.81e-75	239	59.54
P70054.1	GCA_000008085.1|NEQ088|AAR38943.1,GCA_025839675.1|NEF87_004011|UYP47726.1,GCF_000006805.1|VNG_RS05300|WP_010902986.1,GCF_000007005.1|SSO_RS00880|WP_014511501.1,GCF_000019605.1|KCR_RS07330|WP_012310045.1	5	GCF_000007005.1|SSO_RS00880|WP_014511501.1	39.554	359	1	351	1	344	6.37e-75	239	61.28
Q4R5U5.1	GCA_000008085.1|NEQ088|AAR38943.1,GCA_025839675.1|NEF87_004011|UYP47726.1,GCF_000006805.1|VNG_RS05300|WP_010902986.1,GCF_000007005.1|SSO_RS00880|WP_014511501.1,GCF_000019605.1|KCR_RS07330|WP_012310045.1	5	GCF_000007005.1|SSO_RS00880|WP_014511501.1	39.833	359	1	351	1	344	6.77e-75	239	63.79
B4HTA1.1	GCA_000008085.1|NEQ088|AAR38943.1,GCA_025839675.1|NEF87_004011|UYP47726.1,GCF_000007005.1|SSO_RS00880|WP_014511501.1,GCF_000019605.1|KCR_RS07330|WP_012310045.1	4	GCF_000007005.1|SSO_RS00880|WP_014511501.1	39.316	351	5	351	10	344	8.98e-75	238	59.54
C4QZ20.1	GCA_000008085.1|NEQ088|AAR38943.1,GCA_025839675.1|NEF87_004011|UYP47726.1,GCF_000006805.1|VNG_RS05300|WP_010902986.1,GCF_000007005.1|SSO_RS00880|WP_014511501.1,GCF_000019605.1|KCR_RS07330|WP_012310045.1	5	GCF_000007005.1|SSO_RS00880|WP_014511501.1	40.597	335	23	351	28	348	9.19e-75	238	60.6
Q4DKQ5.1	GCA_000008085.1|NEQ088|AAR38943.1,GCA_025839675.1|NEF87_004011|UYP47726.1,GCF_000006805.1|VNG_RS05300|WP_010902986.1,GCF_000007005.1|SSO_RS00880|WP_014511501.1,GCF_000019605.1|KCR_RS07330|WP_012310045.1	5	GCF_000007005.1|SSO_RS00880|WP_014511501.1	40.698	344	14	351	19	348	1.54e-74	238	60.47
Q7K7A9.1	GCA_000008085.1|NEQ088|AAR38943.1,GCA_025839675.1|NEF87_004011|UYP47726.1,GCF_000007005.1|SSO_RS00880|WP_014511501.1,GCF_000019605.1|KCR_RS07330|WP_012310045.1	4	GCF_000007005.1|SSO_RS00880|WP_014511501.1	39.316	351	5	351	10	344	1e-74	238	59.54
Q9SXQ6.1	GCA_000008085.1|NEQ088|AAR38943.1,GCA_025839675.1|NEF87_004011|UYP47726.1,GCF_000007005.1|SSO_RS00880|WP_014511501.1,GCF_000019605.1|KCR_RS07330|WP_012310045.1	4	GCA_025839675.1|NEF87_004011|UYP47726.1	37.538	333	18	349	23	344	1.19e-74	238	61.56
P39748.1	GCA_000008085.1|NEQ088|AAR38943.1,GCA_025839675.1|NEF87_004011|UYP47726.1,GCF_000006805.1|VNG_RS05300|WP_010902986.1,GCF_000007005.1|SSO_RS00880|WP_014511501.1,GCF_000019605.1|KCR_RS07330|WP_012310045.1	5	GCF_000007005.1|SSO_RS00880|WP_014511501.1	39.833	359	1	351	1	344	2.29e-74	237	63.79
P70040.1	GCA_000008085.1|NEQ088|AAR38943.1,GCA_025839675.1|NEF87_004011|UYP47726.1,GCF_000006805.1|VNG_RS05300|WP_010902986.1,GCF_000007005.1|SSO_RS00880|WP_014511501.1,GCF_000019605.1|KCR_RS07330|WP_012310045.1	5	GCF_000007005.1|SSO_RS00880|WP_014511501.1	38.997	359	1	351	1	344	2.13e-74	237	61.84
Q7Q323.2	GCA_000008085.1|NEQ088|AAR38943.1,GCA_025839675.1|NEF87_004011|UYP47726.1,GCF_000007005.1|SSO_RS00880|WP_014511501.1,GCF_000019605.1|KCR_RS07330|WP_012310045.1	4	GCF_000007005.1|SSO_RS00880|WP_014511501.1	37.143	350	5	351	10	344	2.1e-74	237	61.14
A5E121.1	GCA_000008085.1|NEQ088|AAR38943.1,GCA_025839675.1|NEF87_004011|UYP47726.1,GCF_000006805.1|VNG_RS05300|WP_010902986.1,GCF_000007005.1|SSO_RS00880|WP_014511501.1,GCF_000019605.1|KCR_RS07330|WP_012310045.1	5	GCF_000007005.1|SSO_RS00880|WP_014511501.1	38.15	346	14	351	19	349	6.98e-74	236	60.12
B4KNM1.1	GCA_000008085.1|NEQ088|AAR38943.1,GCA_025839675.1|NEF87_004011|UYP47726.1,GCF_000006805.1|VNG_RS05300|WP_010902986.1,GCF_000007005.1|SSO_RS00880|WP_014511501.1,GCF_000019605.1|KCR_RS07330|WP_012310045.1	5	GCF_000007005.1|SSO_RS00880|WP_014511501.1	38.857	350	5	351	10	344	5.19e-74	236	59.14
B8AW67.1	GCA_000008085.1|NEQ088|AAR38943.1,GCA_025839675.1|NEF87_004011|UYP47726.1,GCF_000007005.1|SSO_RS00880|WP_014511501.1,GCF_000019605.1|KCR_RS07330|WP_012310045.1	4	GCA_025839675.1|NEF87_004011|UYP47726.1	37.237	333	18	349	23	344	4.09e-74	236	61.56
D3TQJ5.1	GCA_000008085.1|NEQ088|AAR38943.1,GCA_025839675.1|NEF87_004011|UYP47726.1,GCF_000007005.1|SSO_RS00880|WP_014511501.1,GCF_000019605.1|KCR_RS07330|WP_012310045.1	4	GCF_000007005.1|SSO_RS00880|WP_014511501.1	37.037	351	5	351	10	344	7.83e-74	236	59.54
Q4Z015.2	GCA_000008085.1|NEQ088|AAR38943.1,GCA_025839675.1|NEF87_004011|UYP47726.1,GCF_000006805.1|VNG_RS05300|WP_010902986.1,GCF_000007005.1|SSO_RS00880|WP_014511501.1,GCF_000019605.1|KCR_RS07330|WP_012310045.1	5	GCF_000007005.1|SSO_RS00880|WP_014511501.1	40.449	356	5	351	10	357	6.65e-73	236	58.43
B8MNF2.2	GCA_000008085.1|NEQ088|AAR38943.1,GCA_025839675.1|NEF87_004011|UYP47726.1,GCF_000006805.1|VNG_RS05300|WP_010902986.1,GCF_000007005.1|SSO_RS00880|WP_014511501.1,GCF_000019605.1|KCR_RS07330|WP_012310045.1	5	GCF_000007005.1|SSO_RS00880|WP_014511501.1	40.059	337	23	351	28	349	3.21e-73	235	59.35
A8XL25.1	GCA_000008085.1|NEQ088|AAR38943.1,GCA_025839675.1|NEF87_004011|UYP47726.1,GCF_000006805.1|VNG_RS05300|WP_010902986.1,GCF_000007005.1|SSO_RS00880|WP_014511501.1,GCF_000019605.1|KCR_RS07330|WP_012310045.1	5	GCF_000007005.1|SSO_RS00880|WP_014511501.1	38.554	332	23	351	28	344	2.85e-73	234	62.35
B4J6M4.1	GCA_000008085.1|NEQ088|AAR38943.1,GCA_025839675.1|NEF87_004011|UYP47726.1,GCF_000006805.1|VNG_RS05300|WP_010902986.1,GCF_000007005.1|SSO_RS00880|WP_014511501.1,GCF_000019605.1|KCR_RS07330|WP_012310045.1	5	GCF_000007005.1|SSO_RS00880|WP_014511501.1	38	350	5	351	10	344	2.84e-73	234	59.14
B4MR84.1	GCA_000008085.1|NEQ088|AAR38943.1,GCA_025839675.1|NEF87_004011|UYP47726.1,GCF_000006805.1|VNG_RS05300|WP_010902986.1,GCF_000007005.1|SSO_RS00880|WP_014511501.1,GCF_000019605.1|KCR_RS07330|WP_012310045.1	5	GCF_000007005.1|SSO_RS00880|WP_014511501.1	40.673	327	5	327	10	324	3.92e-73	234	60.24
C3ZBT0.1	GCA_000008085.1|NEQ088|AAR38943.1,GCA_025839675.1|NEF87_004011|UYP47726.1,GCF_000006805.1|VNG_RS05300|WP_010902986.1,GCF_000007005.1|SSO_RS00880|WP_014511501.1,GCF_000019605.1|KCR_RS07330|WP_012310045.1	5	GCF_000007005.1|SSO_RS00880|WP_014511501.1	39.167	360	1	351	1	344	5.72e-73	234	61.67
Q6C116.1	GCA_000008085.1|NEQ088|AAR38943.1,GCA_025839675.1|NEF87_004011|UYP47726.1,GCF_000006805.1|VNG_RS05300|WP_010902986.1,GCF_000007005.1|SSO_RS00880|WP_014511501.1,GCF_000019605.1|KCR_RS07330|WP_012310045.1	5	GCF_000007005.1|SSO_RS00880|WP_014511501.1	38.462	364	8	351	10	359	4.64e-73	234	59.07
C5YUK3.1	GCA_000008085.1|NEQ088|AAR38943.1,GCA_025839675.1|NEF87_004011|UYP47726.1,GCF_000006805.1|VNG_RS05300|WP_010902986.1,GCF_000007005.1|SSO_RS00880|WP_014511501.1,GCF_000019605.1|KCR_RS07330|WP_012310045.1	5	GCA_025839675.1|NEF87_004011|UYP47726.1	36.937	333	18	349	23	344	1.27e-72	233	60.66
A6ZZK4.1	GCA_000008085.1|NEQ088|AAR38943.1,GCA_025839675.1|NEF87_004011|UYP47726.1,GCF_000007005.1|SSO_RS00880|WP_014511501.1,GCF_000019605.1|KCR_RS07330|WP_012310045.1	4	GCF_000007005.1|SSO_RS00880|WP_014511501.1	39.412	340	5	336	10	336	4.02e-72	231	60.88
B3LQY3.1	GCA_000008085.1|NEQ088|AAR38943.1,GCA_025839675.1|NEF87_004011|UYP47726.1,GCF_000007005.1|SSO_RS00880|WP_014511501.1,GCF_000019605.1|KCR_RS07330|WP_012310045.1	4	GCF_000007005.1|SSO_RS00880|WP_014511501.1	39.412	340	5	336	10	336	3.89e-72	231	60.88
A8QCH0.1	GCA_000008085.1|NEQ088|AAR38943.1,GCA_025839675.1|NEF87_004011|UYP47726.1,GCF_000007005.1|SSO_RS00880|WP_014511501.1,GCF_000019605.1|KCR_RS07330|WP_012310045.1	4	GCF_000007005.1|SSO_RS00880|WP_014511501.1	37.604	359	1	351	1	344	1.5e-71	230	58.5
B4FHY0.1	GCA_000008085.1|NEQ088|AAR38943.1,GCA_025839675.1|NEF87_004011|UYP47726.1,GCF_000006805.1|VNG_RS05300|WP_010902986.1,GCF_000007005.1|SSO_RS00880|WP_014511501.1,GCF_000019605.1|KCR_RS07330|WP_012310045.1	5	GCA_025839675.1|NEF87_004011|UYP47726.1	36.637	333	18	349	23	344	1.33e-71	230	60.36
A7UW97.2	GCA_000008085.1|NEQ088|AAR38943.1,GCA_025839675.1|NEF87_004011|UYP47726.1,GCF_000006805.1|VNG_RS05300|WP_010902986.1,GCF_000007005.1|SSO_RS00880|WP_014511501.1,GCF_000019605.1|KCR_RS07330|WP_012310045.1	5	GCF_000007005.1|SSO_RS00880|WP_014511501.1	38.838	327	23	341	28	343	3.81e-71	229	62.08
A8J2Z9.1	GCA_000008085.1|NEQ088|AAR38943.1,GCA_025839675.1|NEF87_004011|UYP47726.1,GCF_000006805.1|VNG_RS05300|WP_010902986.1,GCF_000007005.1|SSO_RS00880|WP_014511501.1,GCF_000019605.1|KCR_RS07330|WP_012310045.1	5	GCF_000007005.1|SSO_RS00880|WP_014511501.1	36.467	351	5	351	10	346	6.74e-71	229	57.83
A9U328.1	GCA_000008085.1|NEQ088|AAR38943.1,GCA_025839675.1|NEF87_004011|UYP47726.1,GCF_000006805.1|VNG_RS05300|WP_010902986.1,GCF_000007005.1|SSO_RS00880|WP_014511501.1,GCF_000019605.1|KCR_RS07330|WP_012310045.1	5	GCF_000007005.1|SSO_RS00880|WP_014511501.1	39.244	344	5	344	10	339	1.71e-71	229	57.27
C7Z125.1	GCA_000008085.1|NEQ088|AAR38943.1,GCA_025839675.1|NEF87_004011|UYP47726.1,GCF_000006805.1|VNG_RS05300|WP_010902986.1,GCF_000007005.1|SSO_RS00880|WP_014511501.1,GCF_000019605.1|KCR_RS07330|WP_012310045.1	5	GCF_000007005.1|SSO_RS00880|WP_014511501.1	38.872	337	23	351	28	349	5.01e-71	229	60.83
A5DCF5.3	GCA_000008085.1|NEQ088|AAR38943.1,GCA_025839675.1|NEF87_004011|UYP47726.1,GCF_000006805.1|VNG_RS05300|WP_010902986.1,GCF_000007005.1|SSO_RS00880|WP_014511501.1,GCF_000019605.1|KCR_RS07330|WP_012310045.1	5	GCF_000007005.1|SSO_RS00880|WP_014511501.1	38.788	330	14	336	19	338	7.11e-71	228	58.48
B6QT52.2	GCA_000008085.1|NEQ088|AAR38943.1,GCA_025839675.1|NEF87_004011|UYP47726.1,GCF_000006805.1|VNG_RS05300|WP_010902986.1,GCF_000007005.1|SSO_RS00880|WP_014511501.1,GCF_000019605.1|KCR_RS07330|WP_012310045.1	5	GCF_000007005.1|SSO_RS00880|WP_014511501.1	39.169	337	23	351	28	349	1.13e-70	228	58.46
P39750.1	GCA_000008085.1|NEQ088|AAR38943.1,GCA_025839675.1|NEF87_004011|UYP47726.1,GCF_000007005.1|SSO_RS00880|WP_014511501.1,GCF_000019605.1|KCR_RS07330|WP_012310045.1	4	GCF_000007005.1|SSO_RS00880|WP_014511501.1	39.458	332	23	351	28	345	7.24e-71	228	59.94
D0MY34.1	GCA_000008085.1|NEQ088|AAR38943.1,GCA_025839675.1|NEF87_004011|UYP47726.1,GCF_000006805.1|VNG_RS05300|WP_010902986.1,GCF_000007005.1|SSO_RS00880|WP_014511501.1,GCF_000019605.1|KCR_RS07330|WP_012310045.1	5	GCF_000007005.1|SSO_RS00880|WP_014511501.1	38.162	359	8	351	17	358	2.06e-70	227	57.66
O65251.2	GCA_000008085.1|NEQ088|AAR38943.1,GCA_025839675.1|NEF87_004011|UYP47726.1,GCF_000007005.1|SSO_RS00880|WP_014511501.1,GCF_000019605.1|KCR_RS07330|WP_012310045.1	4	GCF_000007005.1|SSO_RS00880|WP_014511501.1	37.96	353	5	351	10	346	3.15e-70	227	57.51
Q9N3T2.1	GCA_000008085.1|NEQ088|AAR38943.1,GCA_025839675.1|NEF87_004011|UYP47726.1,GCF_000006805.1|VNG_RS05300|WP_010902986.1,GCF_000007005.1|SSO_RS00880|WP_014511501.1,GCF_000019605.1|KCR_RS07330|WP_012310045.1	5	GCF_000007005.1|SSO_RS00880|WP_014511501.1	37.651	332	23	351	28	344	1.75e-70	227	60.84
A4QS18.2	GCA_000008085.1|NEQ088|AAR38943.1,GCA_025839675.1|NEF87_004011|UYP47726.1,GCF_000006805.1|VNG_RS05300|WP_010902986.1,GCF_000007005.1|SSO_RS00880|WP_014511501.1,GCF_000019605.1|KCR_RS07330|WP_012310045.1	5	GCF_000007005.1|SSO_RS00880|WP_014511501.1	38.348	339	23	351	28	348	2.05e-69	225	61.06
A5ABU3.1	GCA_000008085.1|NEQ088|AAR38943.1,GCA_025839675.1|NEF87_004011|UYP47726.1,GCF_000006805.1|VNG_RS05300|WP_010902986.1,GCF_000007005.1|SSO_RS00880|WP_014511501.1,GCF_000019605.1|KCR_RS07330|WP_012310045.1	5	GCF_000007005.1|SSO_RS00880|WP_014511501.1	38.576	337	23	351	28	349	1.87e-69	225	59.05
C1E3X9.1	GCA_000008085.1|NEQ088|AAR38943.1,GCA_025839675.1|NEF87_004011|UYP47726.1,GCF_000006805.1|VNG_RS05300|WP_010902986.1,GCF_000007005.1|SSO_RS00880|WP_014511501.1,GCF_000019605.1|KCR_RS07330|WP_012310045.1	5	GCF_000007005.1|SSO_RS00880|WP_014511501.1	38.507	335	5	334	10	332	2.08e-69	224	56.42
Q5B9L6.1	GCA_000008085.1|NEQ088|AAR38943.1,GCA_025839675.1|NEF87_004011|UYP47726.1,GCF_000006805.1|VNG_RS05300|WP_010902986.1,GCF_000007005.1|SSO_RS00880|WP_014511501.1,GCF_000019605.1|KCR_RS07330|WP_012310045.1	5	GCF_000007005.1|SSO_RS00880|WP_014511501.1	38.872	337	23	351	28	349	4.05e-69	224	58.75
C4JDR3.2	GCA_000008085.1|NEQ088|AAR38943.1,GCA_025839675.1|NEF87_004011|UYP47726.1,GCF_000006805.1|VNG_RS05300|WP_010902986.1,GCF_000007005.1|SSO_RS00880|WP_014511501.1,GCF_000019605.1|KCR_RS07330|WP_012310045.1	5	GCF_000007005.1|SSO_RS00880|WP_014511501.1	38.872	337	23	351	28	349	9.35e-69	223	59.64
D1ZT73.1	GCA_000008085.1|NEQ088|AAR38943.1,GCA_025839675.1|NEF87_004011|UYP47726.1,GCF_000006805.1|VNG_RS05300|WP_010902986.1,GCF_000007005.1|SSO_RS00880|WP_014511501.1,GCF_000019605.1|KCR_RS07330|WP_012310045.1	5	GCF_000007005.1|SSO_RS00880|WP_014511501.1	37.003	327	23	341	28	343	1.87e-68	223	61.16
A9VB27.1	GCA_000008085.1|NEQ088|AAR38943.1,GCA_025839675.1|NEF87_004011|UYP47726.1,GCF_000006805.1|VNG_RS05300|WP_010902986.1,GCF_000007005.1|SSO_RS00880|WP_014511501.1,GCF_000019605.1|KCR_RS07330|WP_012310045.1	5	GCF_000007005.1|SSO_RS00880|WP_014511501.1	36.648	352	5	351	10	342	1.56e-68	222	58.52
A6QV55.1	GCA_000008085.1|NEQ088|AAR38943.1,GCA_025839675.1|NEF87_004011|UYP47726.1,GCF_000007005.1|SSO_RS00880|WP_014511501.1,GCF_000019605.1|KCR_RS07330|WP_012310045.1	4	GCA_000008085.1|NEQ088|AAR38943.1	38.053	339	17	337	22	349	4.51e-68	221	55.46
C6HQJ2.2	GCA_000008085.1|NEQ088|AAR38943.1,GCA_025839675.1|NEF87_004011|UYP47726.1,GCF_000007005.1|SSO_RS00880|WP_014511501.1,GCF_000019605.1|KCR_RS07330|WP_012310045.1	4	GCA_000008085.1|NEQ088|AAR38943.1	38.053	339	17	337	22	349	4.41e-68	221	55.46
C6TEX6.1	GCA_000008085.1|NEQ088|AAR38943.1,GCA_025839675.1|NEF87_004011|UYP47726.1,GCF_000007005.1|SSO_RS00880|WP_014511501.1,GCF_000019605.1|KCR_RS07330|WP_012310045.1	4	GCF_000007005.1|SSO_RS00880|WP_014511501.1	37.394	353	5	351	10	346	6.52e-68	221	56.94
Q0CBS0.2	GCA_000008085.1|NEQ088|AAR38943.1,GCA_025839675.1|NEF87_004011|UYP47726.1,GCF_000006805.1|VNG_RS05300|WP_010902986.1,GCF_000007005.1|SSO_RS00880|WP_014511501.1,GCF_000019605.1|KCR_RS07330|WP_012310045.1	5	GCF_000007005.1|SSO_RS00880|WP_014511501.1	38.279	337	23	351	28	349	2.14e-67	220	59.05
A9S0B8.1	GCA_000008085.1|NEQ088|AAR38943.1,GCA_025839675.1|NEF87_004011|UYP47726.1,GCF_000006805.1|VNG_RS05300|WP_010902986.1,GCF_000007005.1|SSO_RS00880|WP_014511501.1,GCF_000019605.1|KCR_RS07330|WP_012310045.1	5	GCF_000007005.1|SSO_RS00880|WP_014511501.1	36.827	353	5	351	10	346	2.35e-67	219	56.94
C5GPA7.2	GCA_000008085.1|NEQ088|AAR38943.1,GCA_025839675.1|NEF87_004011|UYP47726.1,GCF_000007005.1|SSO_RS00880|WP_014511501.1,GCF_000019605.1|KCR_RS07330|WP_012310045.1	4	GCA_000008085.1|NEQ088|AAR38943.1	37.685	337	17	337	22	349	4.48e-67	218	55.19
Q54NU0.1	GCA_000008085.1|NEQ088|AAR38943.1,GCA_025839675.1|NEF87_004011|UYP47726.1,GCF_000007005.1|SSO_RS00880|WP_014511501.1,GCF_000019605.1|KCR_RS07330|WP_012310045.1	4	GCF_000007005.1|SSO_RS00880|WP_014511501.1	36.212	359	1	350	1	345	7.45e-67	218	59.05
B0EN90.1	GCA_000008085.1|NEQ088|AAR38943.1,GCA_025839675.1|NEF87_004011|UYP47726.1,GCF_000006805.1|VNG_RS05300|WP_010902986.1,GCF_000007005.1|SSO_RS00880|WP_014511501.1,GCF_000019605.1|KCR_RS07330|WP_012310045.1	5	GCF_000007005.1|SSO_RS00880|WP_014511501.1	36.765	340	14	351	19	344	1.35e-66	217	58.24
C4M6G8.1	GCA_000008085.1|NEQ088|AAR38943.1,GCA_025839675.1|NEF87_004011|UYP47726.1,GCF_000006805.1|VNG_RS05300|WP_010902986.1,GCF_000007005.1|SSO_RS00880|WP_014511501.1,GCF_000019605.1|KCR_RS07330|WP_012310045.1	5	GCF_000007005.1|SSO_RS00880|WP_014511501.1	36.765	340	14	351	19	344	1.81e-66	217	57.94
B6JYI7.1	GCA_000008085.1|NEQ088|AAR38943.1,GCA_025839675.1|NEF87_004011|UYP47726.1,GCF_000007005.1|SSO_RS00880|WP_014511501.1,GCF_000019605.1|KCR_RS07330|WP_012310045.1	4	GCF_000007005.1|SSO_RS00880|WP_014511501.1	38.286	350	5	351	10	345	2.82e-66	216	57.43
B6AFP1.1	GCA_000008085.1|NEQ088|AAR38943.1,GCA_025839675.1|NEF87_004011|UYP47726.1,GCF_000006805.1|VNG_RS05300|WP_010902986.1,GCF_000007005.1|SSO_RS00880|WP_014511501.1,GCF_000019605.1|KCR_RS07330|WP_012310045.1	5	GCF_000007005.1|SSO_RS00880|WP_014511501.1	36.628	344	14	351	19	356	8.37e-65	215	59.3
B2VTT3.2	GCA_000008085.1|NEQ088|AAR38943.1,GCA_025839675.1|NEF87_004011|UYP47726.1,GCF_000006805.1|VNG_RS05300|WP_010902986.1,GCF_000007005.1|SSO_RS00880|WP_014511501.1,GCF_000019605.1|KCR_RS07330|WP_012310045.1	5	GCA_000008085.1|NEQ088|AAR38943.1	36.55	342	14	337	19	349	2.12e-65	214	55.56
B8NV37.1	GCA_000008085.1|NEQ088|AAR38943.1,GCA_025839675.1|NEF87_004011|UYP47726.1,GCF_000006805.1|VNG_RS05300|WP_010902986.1,GCF_000007005.1|SSO_RS00880|WP_014511501.1,GCF_000019605.1|KCR_RS07330|WP_012310045.1	5	GCA_000008085.1|NEQ088|AAR38943.1	36.873	339	17	337	22	349	1.51e-65	214	55.16
B7G7Y7.1	GCA_000008085.1|NEQ088|AAR38943.1,GCA_025839675.1|NEF87_004011|UYP47726.1,GCF_000006805.1|VNG_RS05300|WP_010902986.1,GCF_000007005.1|SSO_RS00880|WP_014511501.1,GCF_000019605.1|KCR_RS07330|WP_012310045.1	5	GCF_000007005.1|SSO_RS00880|WP_014511501.1	34.772	394	5	351	10	387	1.56e-64	213	52.79
A1D8A4.1	GCA_000008085.1|NEQ088|AAR38943.1,GCA_025839675.1|NEF87_004011|UYP47726.1,GCF_000006805.1|VNG_RS05300|WP_010902986.1,GCF_000007005.1|SSO_RS00880|WP_014511501.1,GCF_000019605.1|KCR_RS07330|WP_012310045.1	5	GCA_000008085.1|NEQ088|AAR38943.1	36.283	339	17	337	22	349	2.47e-64	211	54.87
A3FPN7.1	GCA_000008085.1|NEQ088|AAR38943.1,GCA_025839675.1|NEF87_004011|UYP47726.1,GCF_000006805.1|VNG_RS05300|WP_010902986.1,GCF_000007005.1|SSO_RS00880|WP_014511501.1,GCF_000019605.1|KCR_RS07330|WP_012310045.1	5	GCF_000007005.1|SSO_RS00880|WP_014511501.1	37.465	355	5	351	10	359	3.01e-63	211	57.46
Q0UZR3.3	GCA_000008085.1|NEQ088|AAR38943.1,GCA_025839675.1|NEF87_004011|UYP47726.1,GCF_000006805.1|VNG_RS05300|WP_010902986.1,GCF_000007005.1|SSO_RS00880|WP_014511501.1,GCF_000019605.1|KCR_RS07330|WP_012310045.1	5	GCF_000007005.1|SSO_RS00880|WP_014511501.1	38.462	338	23	351	28	350	2.97e-64	211	59.17
Q4P1V1.1	GCA_000008085.1|NEQ088|AAR38943.1,GCA_025839675.1|NEF87_004011|UYP47726.1,GCF_000006805.1|VNG_RS05300|WP_010902986.1,GCF_000007005.1|SSO_RS00880|WP_014511501.1,GCF_000019605.1|KCR_RS07330|WP_012310045.1	5	GCA_000008085.1|NEQ088|AAR38943.1	36.578	339	14	337	19	348	2.07e-64	211	57.23
A1CJ75.2	GCA_000008085.1|NEQ088|AAR38943.1,GCA_025839675.1|NEF87_004011|UYP47726.1,GCF_000006805.1|VNG_RS05300|WP_010902986.1,GCF_000007005.1|SSO_RS00880|WP_014511501.1,GCF_000019605.1|KCR_RS07330|WP_012310045.1	5	GCA_000008085.1|NEQ088|AAR38943.1	36.257	342	14	337	19	349	6.75e-64	210	54.09
A4S1G4.1	GCA_000008085.1|NEQ088|AAR38943.1,GCA_025839675.1|NEF87_004011|UYP47726.1,GCF_000006805.1|VNG_RS05300|WP_010902986.1,GCF_000007005.1|SSO_RS00880|WP_014511501.1,GCF_000019605.1|KCR_RS07330|WP_012310045.1	5	GCF_000007005.1|SSO_RS00880|WP_014511501.1	39.474	342	14	351	19	346	9.92e-64	210	55.85
B0XZ33.2	GCA_000008085.1|NEQ088|AAR38943.1,GCA_025839675.1|NEF87_004011|UYP47726.1,GCF_000006805.1|VNG_RS05300|WP_010902986.1,GCF_000007005.1|SSO_RS00880|WP_014511501.1,GCF_000019605.1|KCR_RS07330|WP_012310045.1	5	GCA_000008085.1|NEQ088|AAR38943.1	36.283	339	17	337	22	349	6.61e-64	210	54.87
Q4WWJ1.2	GCA_000008085.1|NEQ088|AAR38943.1,GCA_025839675.1|NEF87_004011|UYP47726.1,GCF_000006805.1|VNG_RS05300|WP_010902986.1,GCF_000007005.1|SSO_RS00880|WP_014511501.1,GCF_000019605.1|KCR_RS07330|WP_012310045.1	5	GCA_000008085.1|NEQ088|AAR38943.1	36.283	339	17	337	22	349	6.98e-64	210	54.87
B0DSN9.1	GCA_000008085.1|NEQ088|AAR38943.1,GCA_025839675.1|NEF87_004011|UYP47726.1,GCF_000006805.1|VNG_RS05300|WP_010902986.1,GCF_000007005.1|SSO_RS00880|WP_014511501.1,GCF_000019605.1|KCR_RS07330|WP_012310045.1	5	GCA_000008085.1|NEQ088|AAR38943.1	36.765	340	14	337	19	349	1.21e-62	207	57.06
B6HEM2.1	GCA_000008085.1|NEQ088|AAR38943.1,GCA_025839675.1|NEF87_004011|UYP47726.1,GCF_000006805.1|VNG_RS05300|WP_010902986.1,GCF_000007005.1|SSO_RS00880|WP_014511501.1,GCF_000019605.1|KCR_RS07330|WP_012310045.1	5	GCA_000008085.1|NEQ088|AAR38943.1	36.578	339	17	337	22	349	1.19e-62	207	53.39
B8AMS4.1	GCA_000008085.1|NEQ088|AAR38943.1,GCA_025839675.1|NEF87_004011|UYP47726.1,GCF_000007005.1|SSO_RS00880|WP_014511501.1,GCF_000019605.1|KCR_RS07330|WP_012310045.1	4	GCF_000007005.1|SSO_RS00880|WP_014511501.1	35.647	317	20	334	25	331	5.15e-61	204	58.68
Q013G9.2	GCA_000008085.1|NEQ088|AAR38943.1,GCA_025839675.1|NEF87_004011|UYP47726.1,GCF_000006805.1|VNG_RS05300|WP_010902986.1,GCF_000007005.1|SSO_RS00880|WP_014511501.1,GCF_000019605.1|KCR_RS07330|WP_012310045.1	5	GCF_000007005.1|SSO_RS00880|WP_014511501.1	38.953	344	14	351	19	346	2.22e-61	204	54.65
Q4UFP0.1	GCA_000008085.1|NEQ088|AAR38943.1,GCA_025839675.1|NEF87_004011|UYP47726.1,GCF_000006805.1|VNG_RS05300|WP_010902986.1,GCF_000007005.1|SSO_RS00880|WP_014511501.1,GCF_000019605.1|KCR_RS07330|WP_012310045.1	5	GCA_000008085.1|NEQ088|AAR38943.1	36.176	340	5	337	10	338	4.3e-60	203	57.35
A8B672.1	GCA_000008085.1|NEQ088|AAR38943.1,GCA_025839675.1|NEF87_004011|UYP47726.1,GCF_000006805.1|VNG_RS05300|WP_010902986.1,GCF_000007005.1|SSO_RS00880|WP_014511501.1,GCF_000019605.1|KCR_RS07330|WP_012310045.1	5	GCF_000007005.1|SSO_RS00880|WP_014511501.1	36.336	333	24	351	29	345	7.91e-61	202	56.76
C5FZT5.1	GCA_000008085.1|NEQ088|AAR38943.1,GCA_025839675.1|NEF87_004011|UYP47726.1,GCF_000006805.1|VNG_RS05300|WP_010902986.1,GCF_000007005.1|SSO_RS00880|WP_014511501.1,GCF_000019605.1|KCR_RS07330|WP_012310045.1	5	GCF_000007005.1|SSO_RS00880|WP_014511501.1	38.279	337	23	351	28	348	1.82e-59	199	56.38
Q4N3S6.1	GCA_000008085.1|NEQ088|AAR38943.1,GCA_025839675.1|NEF87_004011|UYP47726.1,GCF_000006805.1|VNG_RS05300|WP_010902986.1,GCF_000007005.1|SSO_RS00880|WP_014511501.1,GCF_000019605.1|KCR_RS07330|WP_012310045.1	5	GCA_000008085.1|NEQ088|AAR38943.1	35.938	320	27	339	32	340	4.47e-58	197	56.56
A0CXT3.1	GCA_000008085.1|NEQ088|AAR38943.1,GCA_025839675.1|NEF87_004011|UYP47726.1,GCF_000006805.1|VNG_RS05300|WP_010902986.1,GCF_000007005.1|SSO_RS00880|WP_014511501.1,GCF_000019605.1|KCR_RS07330|WP_012310045.1	5	GCF_000007005.1|SSO_RS00880|WP_014511501.1	36.62	355	14	351	19	356	2.96e-58	196	54.93
A4VDN2.1	GCA_000008085.1|NEQ088|AAR38943.1,GCA_025839675.1|NEF87_004011|UYP47726.1,GCF_000006805.1|VNG_RS05300|WP_010902986.1,GCF_000007005.1|SSO_RS00880|WP_014511501.1,GCF_000019605.1|KCR_RS07330|WP_012310045.1	5	GCF_000007005.1|SSO_RS00880|WP_014511501.1	35.405	370	1	351	1	354	1.97e-57	194	55.41
A0CYG2.1	GCA_000008085.1|NEQ088|AAR38943.1,GCA_025839675.1|NEF87_004011|UYP47726.1,GCF_000006805.1|VNG_RS05300|WP_010902986.1,GCF_000007005.1|SSO_RS00880|WP_014511501.1,GCF_000019605.1|KCR_RS07330|WP_012310045.1	5	GCF_000007005.1|SSO_RS00880|WP_014511501.1	36.338	355	14	351	19	356	2.8e-57	193	53.8
P0CS60.1	GCA_000008085.1|NEQ088|AAR38943.1,GCA_025839675.1|NEF87_004011|UYP47726.1,GCF_000006805.1|VNG_RS05300|WP_010902986.1,GCF_000007005.1|SSO_RS00880|WP_014511501.1,GCF_000019605.1|KCR_RS07330|WP_012310045.1	5	GCA_000008085.1|NEQ088|AAR38943.1	40	265	5	268	10	265	1.36e-56	193	60
B8C6S5.1	GCA_000008085.1|NEQ088|AAR38943.1,GCA_025839675.1|NEF87_004011|UYP47726.1,GCF_000007005.1|SSO_RS00880|WP_014511501.1,GCF_000019605.1|KCR_RS07330|WP_012310045.1	4	GCF_000007005.1|SSO_RS00880|WP_014511501.1	37.088	364	1	351	1	351	3.03e-56	191	57.42
C5WU23.2	GCA_000008085.1|NEQ088|AAR38943.1,GCA_025839675.1|NEF87_004011|UYP47726.1,GCF_000007005.1|SSO_RS00880|WP_014511501.1,GCF_000019605.1|KCR_RS07330|WP_012310045.1	4	GCF_000007005.1|SSO_RS00880|WP_014511501.1	31.395	344	20	334	25	358	8.31e-56	191	54.94
Q8SS91.1	GCA_000008085.1|NEQ088|AAR38943.1,GCA_025839675.1|NEF87_004011|UYP47726.1,GCF_000006805.1|VNG_RS05300|WP_010902986.1,GCF_000007005.1|SSO_RS00880|WP_014511501.1,GCF_000019605.1|KCR_RS07330|WP_012310045.1	5	GCA_000008085.1|NEQ088|AAR38943.1	35.385	325	24	337	29	341	1.27e-54	185	52.92
A7AX58.1	GCA_000008085.1|NEQ088|AAR38943.1,GCA_025839675.1|NEF87_004011|UYP47726.1,GCF_000006805.1|VNG_RS05300|WP_010902986.1,GCF_000007005.1|SSO_RS00880|WP_014511501.1,GCF_000019605.1|KCR_RS07330|WP_012310045.1	5	GCF_000007005.1|SSO_RS00880|WP_014511501.1	36.858	331	5	334	10	322	1.98e-51	184	55.89
B7XHS8.1	GCA_000008085.1|NEQ088|AAR38943.1,GCA_025839675.1|NEF87_004011|UYP47726.1,GCF_000007005.1|SSO_RS00880|WP_014511501.1,GCF_000019605.1|KCR_RS07330|WP_012310045.1	4	GCF_000007005.1|SSO_RS00880|WP_014511501.1	34.551	356	14	351	21	354	3.66e-54	184	53.09
A8NQC2.3	GCA_000008085.1|NEQ088|AAR38943.1,GCA_025839675.1|NEF87_004011|UYP47726.1,GCF_000007005.1|SSO_RS00880|WP_014511501.1,GCF_000019605.1|KCR_RS07330|WP_012310045.1	4	GCF_000007005.1|SSO_RS00880|WP_014511501.1	41.569	255	14	268	19	263	1.48e-52	183	61.96
Q76F73.1	GCA_000008085.1|NEQ088|AAR38943.1,GCA_025839675.1|NEF87_004011|UYP47726.1,GCF_000007005.1|SSO_RS00880|WP_014511501.1,GCF_000019605.1|KCR_RS07330|WP_012310045.1	4	GCF_000007005.1|SSO_RS00880|WP_014511501.1	41.176	255	14	268	19	263	9.81e-52	181	61.57
B0E412.1	GCA_000008085.1|NEQ088|AAR38943.1,GCA_025839675.1|NEF87_004011|UYP47726.1,GCF_000006805.1|VNG_RS05300|WP_010902986.1,GCF_000007005.1|SSO_RS00880|WP_014511501.1,GCF_000019605.1|KCR_RS07330|WP_012310045.1	5	GCF_000007005.1|SSO_RS00880|WP_014511501.1	39.13	253	21	268	24	266	7.95e-46	165	62.85
B0UXL7.1	GCA_000008085.1|NEQ088|AAR38943.1,GCA_025839675.1|NEF87_004011|UYP47726.1,GCF_000007005.1|SSO_RS00880|WP_014511501.1	3	GCF_000007005.1|SSO_RS00880|WP_014511501.1	31.487	343	23	351	28	325	4.01e-39	145	49.85
Q5UQW7.1	GCA_000008085.1|NEQ088|AAR38943.1,GCA_025839675.1|NEF87_004011|UYP47726.1,GCF_000007005.1|SSO_RS00880|WP_014511501.1,GCF_000019605.1|KCR_RS07330|WP_012310045.1	4	GCA_000008085.1|NEQ088|AAR38943.1	31.034	261	18	271	46	272	1.12e-30	124	50.19
Q17RS7.2	GCF_000007005.1|SSO_RS00880|WP_014511501.1	1	GCF_000007005.1|SSO_RS00880|WP_014511501.1	28.788	264	1	257	1	227	3.27e-26	113	49.24
Q8W5R1.1	GCA_000008085.1|NEQ088|AAR38943.1,GCA_025839675.1|NEF87_004011|UYP47726.1,GCF_000006805.1|VNG_RS05300|WP_010902986.1,GCF_000007005.1|SSO_RS00880|WP_014511501.1	4	GCA_000008085.1|NEQ088|AAR38943.1	31.538	260	1	259	1	239	8.2e-26	111	50.77
Q64MA3.1	GCA_025839675.1|NEF87_004011|UYP47726.1,GCF_000006805.1|VNG_RS05300|WP_010902986.1,GCF_000007005.1|SSO_RS00880|WP_014511501.1,GCF_000019605.1|KCR_RS07330|WP_012310045.1	4	GCF_000007005.1|SSO_RS00880|WP_014511501.1	28.179	291	1	283	3	272	1.2e-23	105	46.39
Q9LPD2.3	GCA_025839675.1|NEF87_004011|UYP47726.1,GCF_000007005.1|SSO_RS00880|WP_014511501.1,GCF_000019605.1|KCR_RS07330|WP_012310045.1	3	GCF_000007005.1|SSO_RS00880|WP_014511501.1	27.969	261	1	259	3	234	9.88e-23	102	47.51
Q9M2Z3.2	GCA_000008085.1|NEQ088|AAR38943.1	1	GCA_000008085.1|NEQ088|AAR38943.1	27.099	262	1	261	1	239	6.66e-21	97.1	48.85
Q29FC1.1	GCA_025839675.1|NEF87_004011|UYP47726.1	1	GCA_025839675.1|NEF87_004011|UYP47726.1	28.287	251	1	239	1	225	2.37e-18	89.7	46.61
Q24558.1	GCA_000008085.1|NEQ088|AAR38943.1,GCA_025839675.1|NEF87_004011|UYP47726.1,GCF_000007005.1|SSO_RS00880|WP_014511501.1	3	GCA_025839675.1|NEF87_004011|UYP47726.1	27.451	255	1	253	1	243	3.44e-18	89.4	46.27
Q9VRJ0.1	GCA_025839675.1|NEF87_004011|UYP47726.1	1	GCA_025839675.1|NEF87_004011|UYP47726.1	26.23	244	1	239	1	226	1.4e-17	87.4	46.72
Q54ED2.1	GCA_000008085.1|NEQ088|AAR38943.1	1	GCA_000008085.1|NEQ088|AAR38943.1	27.076	277	1	268	1	259	6.63e-17	85.1	49.1
Q8L6Z7.2	GCA_000008085.1|NEQ088|AAR38943.1,GCA_025839675.1|NEF87_004011|UYP47726.1,GCF_000006805.1|VNG_RS05300|WP_010902986.1	3	GCA_000008085.1|NEQ088|AAR38943.1	25.094	267	5	268	10	257	2.99e-16	83.2	45.69
P53695.1	GCA_000008085.1|NEQ088|AAR38943.1	1	GCA_000008085.1|NEQ088|AAR38943.1	25.275	273	1	269	1	257	3.31e-16	82.8	48.72
Q9QZ11.2	GCA_000008085.1|NEQ088|AAR38943.1,GCF_000007005.1|SSO_RS00880|WP_014511501.1	2	GCF_000007005.1|SSO_RS00880|WP_014511501.1	27.203	261	1	257	1	243	7.12e-16	82.4	48.28
Q9W6K2.1	GCA_000008085.1|NEQ088|AAR38943.1,GCF_000007005.1|SSO_RS00880|WP_014511501.1	2	GCF_000007005.1|SSO_RS00880|WP_014511501.1	28.839	267	1	257	1	243	1.24e-15	81.6	46.44
Q9UQ84.2	GCA_000008085.1|NEQ088|AAR38943.1,GCF_000007005.1|SSO_RS00880|WP_014511501.1	2	GCF_000007005.1|SSO_RS00880|WP_014511501.1	27.203	261	1	257	1	243	1.51e-15	81.3	47.89
P07276.2	GCA_000008085.1|NEQ088|AAR38943.1,GCA_025839675.1|NEF87_004011|UYP47726.1,GCF_000006805.1|VNG_RS05300|WP_010902986.1,GCF_000007005.1|SSO_RS00880|WP_014511501.1,GCF_000019605.1|KCR_RS07330|WP_012310045.1	5	GCA_000008085.1|NEQ088|AAR38943.1	33.099	142	132	273	771	898	3.33e-15	80.1	54.93
Q803U7.1	GCA_000008085.1|NEQ088|AAR38943.1,GCF_000007005.1|SSO_RS00880|WP_014511501.1	2	GCF_000007005.1|SSO_RS00880|WP_014511501.1	28.302	265	1	257	1	243	6.51e-15	79.3	47.55
Q9ATY5.1	GCA_000008085.1|NEQ088|AAR38943.1	1	GCA_000008085.1|NEQ088|AAR38943.1	34.043	141	117	257	910	1038	3.58e-14	77	53.19
Q60GC1.1	GCA_000008085.1|NEQ088|AAR38943.1,GCF_000006805.1|VNG_RS05300|WP_010902986.1	2	GCA_000008085.1|NEQ088|AAR38943.1	25.283	265	5	268	10	257	1.02e-13	75.5	46.79
P28706.2	GCA_000008085.1|NEQ088|AAR38943.1,GCA_025839675.1|NEF87_004011|UYP47726.1	2	GCA_000008085.1|NEQ088|AAR38943.1	39.604	101	1	99	1	95	4.81e-12	70.5	62.38
P28715.3	GCA_000008085.1|NEQ088|AAR38943.1	1	GCA_000008085.1|NEQ088|AAR38943.1	33.75	160	100	257	734	881	9.45e-12	69.7	48.12
P35689.4	GCA_000008085.1|NEQ088|AAR38943.1	1	GCA_000008085.1|NEQ088|AAR38943.1	28.512	242	132	337	767	996	5.47e-11	67.4	44.63
Q6GZN0.1	GCF_000006805.1|VNG_RS05300|WP_010902986.1	1	GCF_000006805.1|VNG_RS05300|WP_010902986.1	22.977	309	6	270	10	301	2.69e-10	64.3	37.54
P14629.1	GCA_000008085.1|NEQ088|AAR38943.1,GCF_000007005.1|SSO_RS00880|WP_014511501.1	2	GCA_000008085.1|NEQ088|AAR38943.1	32.54	126	132	257	801	914	6.93e-10	63.9	49.21
P40028.2	GCA_000008085.1|NEQ088|AAR38943.1,GCF_000019605.1|KCR_RS07330|WP_012310045.1	2	GCA_000008085.1|NEQ088|AAR38943.1	27.632	228	65	269	102	319	1.81e-09	62.4	45.18
O67550.1	GCF_000007005.1|SSO_RS00880|WP_014511501.1	1	GCF_000007005.1|SSO_RS00880|WP_014511501.1	26.482	253	28	270	7	214	1.35e-05	49.7	44.27
J9VT48.1	GCA_025839675.1|NEF87_004011|UYP47726.1	1	GCA_025839675.1|NEF87_004011|UYP47726.1	24.126	286	11	273	11	272	4.75e-05	48.9	39.51
P54161.1	GCA_025839675.1|NEF87_004011|UYP47726.1	1	GCA_025839675.1|NEF87_004011|UYP47726.1	50	42	226	265	180	221	0.000268	45.8	71.43
C5BHA5.1	GCA_025839675.1|NEF87_004011|UYP47726.1	1	GCA_025839675.1|NEF87_004011|UYP47726.1	31.818	66	209	272	148	213	0.036	38.9	54.55
